8,2,3,4,5,6,7,1,9,10,11,12,13,14,17,18,19,20,21,22,23,24,25,26,27,28,29,30,15,16,31
1.0000013631192695,1.0000013989531105,1.000001368852684,1.0000013838168957,1.0000014042989467,1.0000013939787997,1.000001368852684,1.000001365928642,1.0000065546816723,1.0000051296412893,1.000006481567002,1.0000027662602609,1.0000011903817432,1.0000018382193183,1.0000019999743517,1.0000014009730396,1.0000020128581364,1.0000012962203548,1.0000017483899153,0.9999887228909732,1.0000015672175864,1.0000016118254855,1.0000039241431296,1.0000033251423,1.0000039370269391,1.0000032203905362,1.0000036725592267,0.9999906470853606,1.0000034913872464,1.0000035359950596,1.0
1.0000013631192695,1.0000013989531105,1.000001368852684,1.0000013838168957,1.0000014042989467,1.0000013939787997,1.000001368852684,1.000001365928642,1.0000069773752482,1.0000065381139822,1.000006717264197,1.0000042437367156,0.9999996983807812,1.0000018324840687,1.000001789956498,1.000001406020197,1.0000015981042965,1.0000008217466654,1.000001197126896,0.9999895005782443,1.0000012909776923,1.0000012909776923,1.000003718579016,1.0000033346427881,1.0000035267272342,1.0000027503711002,1.0000031257506072,0.9999914292245247,1.0000032196012223,1.0000032196012223,1.0
1.0000013631192695,1.0000013989531105,1.000001368852684,1.0000013838168957,1.0000014042989467,1.0000013939787997,1.000001368852684,1.000001365928642,1.0000093033413928,1.0000088043665296,1.0000088299585512,1.0000058858332739,1.000004761487976,1.0000018322440143,1.0000020527156088,1.0000014118167728,1.0000015878598778,1.000001562267679,1.0000016390442021,0.9999909398524273,1.0000015537369407,1.0000015537369407,1.0000039864522066,1.0000033455539452,1.0000035215974248,1.000003496005275,1.00000357278165,0.9999928736105734,1.000003487474553,1.000003487474553,1.0
1.0000013631192695,1.0000013989531105,1.000001368852684,1.0000013838168957,1.0000014042989467,1.0000013939787997,1.000001368852684,1.000001365928642,1.000009140821884,1.000008735684244,1.0000086418469358,1.0000059024869408,1.0000028681110573,1.0000018278116118,1.0000020676982957,1.0000013955475673,1.0000016113627994,1.0000015004631306,1.0000014578073209,0.9999878499813318,1.000001722280383,1.0000016199040243,1.0000039870797914,1.0000033149296812,1.0000035307452204,1.0000034198457646,1.0000033771900367,0.999989769390181,1.0000036416625915,1.0000035392864295,1.0
1.000001363119271,1.0000013989531122,1.0000013688526856,1.0000013838168975,1.0000014042989482,1.0000013939788015,1.0000013688526856,1.0000013659182312,1.0000094797924648,1.0000091173081682,1.0000090320017039,1.0000060708172163,1.0000026649097957,1.0000018239586836,1.0000019780743719,1.0000013846272617,1.000001052519143,1.000001990974562,1.000001939786457,0.9999859934018537,1.000001990974562,1.000001939786457,1.0000038878205464,1.000003294373894,1.000002962267135,1.000003900720762,1.0000038495327546,0.9999879031786227,1.000003900720762,1.0000038495327546,1.0
1.0000006330629811,1.0000006688967957,1.0000006387963916,1.0000006537605919,1.0000006742426282,1.0000006639224888,1.0000006387963916,0.9999573552188856,1.0000097121806237,1.000009264389973,1.0000093155738727,1.000008138226837,1.000002929468932,1.000001825729544,1.0000020233734124,1.000001386875894,1.0000015670483948,1.0000020362736033,1.0000020362736033,0.9999863630753267,1.0000020362736033,1.0000020362736033,1.0000039351035972,1.0000032986066183,1.0000034787795014,1.000003948003813,1.000003948003813,0.9999882748355171,1.000003948003813,1.000003948003813,1.0
0.9999993079302006,0.9999993437639682,0.9999993136636034,0.9999993286277844,0.9999993491097933,0.9999993387896677,0.9999993136636034,0.999926655463648,1.0000106268045545,1.0000101875482668,1.0000106397035442,1.0000059701013915,1.0000040587383727,1.0000018165596198,1.000001553904473,1.000001393919833,1.0000012537418683,1.0000015668046576,1.000001566782345,0.9999870118067525,1.0000015668046576,1.0000015668046576,1.0000034718507407,1.0000033118657343,1.0000031716887614,1.0000034847509507,1.000003484728638,0.9999889297809765,1.0000034847509507,1.0000034847509507,1.0
1.0000013631192695,1.0000013989531105,1.000001368852684,1.0000013838168957,1.0000014042989467,1.0000013939787997,1.000001368852684,1.000001365928642,1.0000101649173458,1.0000101778176422,1.0000101778176422,1.000004861706635,1.000002178308169,1.0000018109600501,1.0000015425213986,1.000001384244219,1.0000015553644899,1.000001555367771,1.0000015553487398,0.9999870319491394,1.000001555421583,1.0000084746710163,1.0000034722818314,1.0000033122598746,1.000003485124948,1.0000034851282291,1.0000034851091977,0.9999889617376396,1.0000034851820414,1.0000034851820414,1.0
1.000001351832847,1.0000013876666876,1.0000013575662614,1.0000013725304728,1.0000013930125238,1.0000013826923768,0.9999949299220512,1.0000013546238447,1.0000099833508165,1.0000099962511104,1.0000099962511104,1.0000046801502964,0.9999999958121023,1.0000018012788838,1.0000014262852097,1.000001285443451,1.0000014390836742,1.0000012553575828,1.0000014390790806,0.9999842431890356,1.0000014391853926,1.0000224492632845,1.000003436267234,1.0000032793322378,1.0000034490657252,1.0000032653400028,1.0000034490611314,0.9999862532056718,1.0000034491674437,1.0000034491674437,1.0
1.0000006711553027,1.0000007069891188,1.000000676888713,1.0000006918529143,1.0000007123349512,1.0000007020148116,0.999992635722692,0.9999590800702046,1.000008763325542,1.0000087762258203,1.0000087762258203,1.0000034601185193,0.9999955370771632,1.0000017845836524,1.0000011695813815,1.0000010672451813,1.0000011823634363,1.0000011823634363,1.0000000536381441,0.9999799443765226,1.0000011824815613,1.0000377957563802,1.0000033697765656,1.0000032185407612,1.0000033825586498,1.0000033825586498,1.0000022538358408,0.9999821446184982,1.0000033826767742,1.0000033826767742,1.0
0.9999992831580586,0.9999993189918254,0.9999992888914613,0.9999993038556421,0.9999993243376502,0.999999314017525,0.9999909041762156,0.9999265322108721,1.000011249161619,1.0000112620619293,1.0000112620619293,1.0000059459678456,1.0000002505503982,1.0000017885950176,1.0000011918016813,1.0000010861324373,1.0000004564616096,0.9999991570733112,0.9999992778131179,0.9999811323373663,1.0000012047018612,1.000037121985728,1.000003387165172,1.0000032344389178,1.0000026518267715,1.0000013524413263,1.0000014731808677,0.9999833277449831,1.0000034000653808,1.0000034000653808,1.0
1.0000010662721353,1.0000011021048696,1.000001072005548,1.0000010869697553,1.0000011074518,1.0000010971316564,0.9999930409047193,0.999974310191413,1.000011551634243,1.0000115645345566,1.0000115645345566,1.0000082338835228,0.9999999333143609,1.0000017878314091,1.0000004337160675,1.0000004417596184,0.99999848033243,0.9999994753174903,0.9999993899440361,0.9999808930168002,1.0000004466155812,1.000066972288347,1.000003396972845,1.0000032434059345,1.0000014435950733,1.0000024385771846,1.0000023532039837,0.9999838563315936,1.0000034098723978,1.000003409873054,1.0
1.0001132827523445,1.0001131697680419,1.0001132814395104,1.0001133034248595,1.000111424493508,1.0001129400578836,1.0001046601062433,1.000113285515487,0.9998099010708937,0.9998099086801941,0.9998095647165202,0.9998069601069492,0.9997977208800944,0.9998216859210274,1.0000005011790476,1.0000004320835996,0.9999997199140852,1.0000005139971881,1.0000005139715946,0.9999798655310908,0.9999991358681573,1.0000670868417054,1.0000034574520216,1.0000032266131234,1.0000026761894445,1.0000034702702003,1.0000034702446066,0.999982821865184,1.0000020921452435,1.0000018480211574,1.0
1.0005601011314318,1.000559682092909,1.0005596765465419,1.000559975522422,1.0005597905900265,1.0005576768496702,1.0005521038964247,1.000560103942375,0.9989801781071205,0.9989799176299494,0.998980072667477,0.9989748694121984,0.9989693889801776,0.9990800428173174,0.9999998863048256,0.999999976359623,0.9999998256136595,0.9999998833670446,0.9999998413440128,0.9999768317547334,0.9999992901060937,1.0000806935640774,1.0000033358670692,1.0000031874297894,1.0000032751762016,1.000003332929388,1.0000032909065009,0.9999802813966482,1.0000027396704831,1.0000033381892168,1.0
1.0008304297645791,1.000829809890533,1.0008304354975013,1.0008304504752144,1.0008304709280218,1.0008304606020293,1.0008224346990402,1.0008304325762811,1.0000129492251137,1.0000129621005087,1.0000129621215086,1.0000076460404015,1.0000016802448608,1.0000017766511,0.999678017720377,0.9997261556068877,0.9996779938361448,0.9996780306150753,0.9996780305927554,0.9996594553709834,0.9996770459015748,0.9997383161752795,0.9985621258854758,0.9986827641932535,0.9985621019457481,0.998562138765777,0.9985621387434324,0.9985435427506727,0.9985611529518729,0.9985621387618338,1.0
1.0008900720887466,1.0008901079544343,1.0008900778272567,1.0008900928047677,1.0008901133050214,1.0008901029757031,1.0008820774816345,1.0008887244408757,0.9991955864721538,0.9991955993619417,0.9991955993619417,0.9991902789274204,0.9991854304625345,0.9992745034618494,0.9998132113531869,0.9998412232659908,0.999813224250942,0.999813224250942,0.999813224250942,0.9997935750585585,0.999813224250942,0.9998373822695907,1.000439725219938,1.000401903785812,1.0004397381257752,1.0004397381257752,1.0004397381257752,1.000420101247499,1.0004397381257752,1.0004397381257752,1.0
1.0005155738186033,1.0005156096708712,1.0005155795549663,1.0005155945268733,1.0005156150194559,1.0005156046940025,1.0005067013637734,1.0005155765978935,1.0000114702003955,1.000011483100708,1.000011483100708,1.0000061670078,0.9999990935912887,1.0000017779173471,1.0000025980997564,1.0000022814830254,1.000002610999955,1.000002610999955,1.000002610999955,0.99998347449569,1.000002610999955,1.0000219174069618,1.000184023316841,1.000168341982851,1.00018403621938,1.00018403621938,1.00018403621938,1.0001649031888067,1.00018403621938,1.00018403621938,1.0
1.0000005280035398,1.0000005638373508,1.0000005337369493,1.0000005487011487,1.0000005691831824,1.0000005588630443,1.0000005337369493,0.9999542381523666,1.0000096785664918,1.0000096914667815,1.0000096914667815,1.0000043753643468,0.9999965297934349,1.0000017812556752,1.0000014827114418,1.0000013334057518,1.0000014956116257,1.0000014956109693,1.0000014956116257,0.9999791061604658,1.0000014956116257,1.0000035135011975,1.0000033489935825,1.0000031995391743,1.000003361893791,1.0000033618931345,1.000003361893791,0.9999809724844517,1.000003361893791,1.000003361893791,1.0
1.0000013563822765,1.0000013922161175,1.0000013621156911,1.0000013770799026,1.0000013975619535,1.0000013872418065,1.0000013621156911,0.9999972044826462,1.0000127550038476,1.000012765229336,1.0000127481762333,1.0000073231642423,0.9999984349832004,1.0000017545691868,1.0000018811431097,1.0000013457372452,1.0000016210043512,1.0000009549203606,1.0000017469526064,0.999980822017238,1.0000015527858506,1.000001355898791,1.0000037565749775,1.0000032211694263,1.0000034964367557,1.0000028303540138,1.0000036223847741,0.999982697488681,1.0000034282183825,1.000003231331692,1.0
1.0000013631192695,1.0000013989531105,1.000001368852684,1.0000013838168957,1.0000014042989467,1.0000013939787997,1.000001368852684,1.000001365928642,1.000013460185722,1.0000131481488916,1.0000126455229348,1.0000064621266012,1.0000006279049851,1.0000017558202732,1.000002103194335,1.0000013564565833,1.0000008375590455,1.000000033002082,1.0000012746701297,0.9999824822510708,1.0000015891184004,1.000001235306412,1.0000039880839542,1.0000032413469238,1.0000027224510986,1.0000019178956523,1.0000031595613592,0.9999843671777494,1.000003474009037,1.0000031201977158,1.0
1.0000013631192695,1.0000013989531105,1.000001368852684,1.0000013838168957,1.0000014042989467,1.0000013939787997,1.000001368852684,1.000001365928642,1.0000117017815953,1.0000108627699749,1.0000108259857372,1.000003176153769,0.9999994072350268,1.0000017636579925,1.000003893219555,1.0000013746131353,1.0000023853975795,1.0000022377711546,1.000002249615189,0.999986987101103,1.00000327078265,1.000001567047114,1.0000057941261455,1.0000032755238346,1.0000042863070855,1.000004138680941,1.000004150524953,0.9999888880399,1.0000051716904725,1.0000034679581755,1.0
1.0000013631192695,1.0000013989531105,1.000001368852684,1.0000013838168957,1.0000014042989467,1.0000013939787997,1.000001368852684,1.000001365928642,1.000007565804118,1.0000059707381697,1.0000061131482538,0.9999999879961964,0.9999958522433097,1.0000017900444267,1.0000036093126303,1.0000013781645896,1.000001955155329,1.0000029874471466,1.0000022741011474,0.9999869763526142,1.0000025550042404,1.0000027223502674,1.0000055133534045,1.000003282208931,1.0000038591993015,1.0000048914891537,1.0000041781445126,0.9999888804251271,1.0000044590470705,1.0000046263927793,1.0
1.0000013631192695,1.0000013989531105,1.000001368852684,1.0000013838168957,1.0000014042989467,1.0000013939787997,1.000001368852684,1.000001365928642,1.0000097169593567,1.0000075489332672,1.0000073881950984,1.0000023295850073,0.9999984472834339,1.0000017837655,1.0000022137884133,1.0000013628557904,0.9999998153933237,1.0000016812059576,1.0000005924405966,0.9999835083372437,1.000000953440913,1.0000010964898454,1.0000041043241694,1.0000032533924696,1.0000017059336634,1.0000035717427695,1.0000024829794671,0.9999853989084374,1.0000028439791013,1.000002987027763,1.0
1.0000013631192695,1.0000013989531105,1.000001368852684,1.0000013838168957,1.0000014042989467,1.0000013939787997,1.000001368852684,1.000001365928642,1.0000075278763654,1.0000067472949947,1.000005930210812,1.0000039835695065,1.000001869470595,1.0000018345633626,1.0000028411744684,1.0000013968828505,1.0000021990194297,1.0000022404034206,1.0000023151772905,0.9999889390924898,1.00000179344768,1.000002546850335,1.0000047617326573,1.000003317443142,1.0000041195789013,1.0000041609628123,1.0000042357365388,0.9999908596774415,1.0000037140079299,1.0000044674091386,1.0
1.0000013631192695,1.0000013989531105,1.000001368852684,1.0000013838168957,1.0000014042989467,1.0000013939787997,1.000001368852684,1.000001365928642,1.0000085668671832,1.0000084281115758,1.0000085796965847,1.0000046038486572,1.0000035018447095,1.0000018327371811,1.0000023462443794,1.000001410251368,1.000001542090925,1.0000023591340748,1.0000018223043086,0.999990959377161,1.0000018117798384,1.0000013694523655,1.0000042785991972,1.0000033426073274,1.0000034744473465,1.0000042914889173,1.0000037546601883,0.9999928917540412,1.000003744135739,1.0000033018091206,1.0
1.0000013631192695,1.0000013989531105,1.000001368852684,1.0000013838168957,1.0000014042989467,1.0000013939787997,1.000001368852684,1.000001365928642,1.000008715334419,1.0000082248899291,1.0000083272624898,1.0000060374654651,1.0000029631288316,1.0000018323681799,1.0000020889512173,1.00000141361256,1.0000013254894597,1.000001453462013,1.0000014534666068,0.9999914100189677,1.0000016326262315,1.0000015985033066,1.0000040242722692,1.000003348934253,1.000003260812039,1.000003388784344,1.000003388788938,0.9999933453607448,1.0000035679482164,1.0000035338253572,1.0
1.0000013631192695,1.0000013989531105,1.000001368852684,1.0000013838168957,1.0000014042989467,1.0000013939787997,1.000001368852684,1.000001365928642,1.0000079537261173,1.0000075144653051,1.0000074803426018,1.0000046812557697,1.0000002277077544,1.0000018263692707,1.0000020565247194,1.0000013933011498,1.0000015746075275,1.0000016343226004,1.0000015746029336,0.9999874566581781,1.0000016001997176,1.000001557546053,1.0000039739241275,1.0000033107011563,1.0000034920079088,1.0000035517228683,1.0000034920033152,0.999989374085645,1.0000035176000506,1.0000034749464677,1.0
1.0000013631192695,1.0000013989531105,1.000001368852684,1.0000013838168957,1.0000014042989467,1.0000013939787997,1.000001368852684,1.000001365928642,1.0000063464888715,1.0000060522485479,1.0000058816352473,1.0000042205819009,0.9999999995956448,1.00000183879502,1.0000019582937942,1.0000013968181796,1.0000014593150768,1.0000012801485794,1.0000014678405655,0.9999879618348213,1.0000014849072858,1.0000014763765528,1.0000038787966337,1.000003317321425,1.000003379818924,1.0000032006527704,1.0000033883443966,0.9999898823646046,1.0000034054110845,1.0000033968803668,1.0
1.0000013631192712,1.0000013989531122,1.0000013688526856,1.0000013838168975,1.0000014042989482,1.0000013939788015,1.0000013688526856,1.0000013659142502,1.0000070855282792,1.0000066974510813,1.000006586552252,1.0000038130563804,0.999998434574908,1.000001824771121,1.0000020540531365,1.0000013984514287,1.0000015209449253,1.0000015636052073,1.000001845134454,0.9999883327221974,1.0000015721359432,1.0000015550744694,1.0000039759968602,1.0000033203957426,1.000003442889723,1.0000034855499231,1.0000037670786284,0.9999902546923559,1.0000034940806426,1.0000034770192014,1.0
1.0000011113016192,1.0000011471354513,1.0000011170350322,1.0000011319992403,1.000001152481286,1.0000011421611417,1.0000011170350322,0.9999757031587705,1.0000093024949637,1.0000092044852047,1.0000088120507766,1.0000067079978696,1.0000018016285237,1.0000018233157906,1.0000019361651704,1.000001378009957,1.0000016334019464,1.0000014371864414,1.0000019490653604,0.9999849697908163,1.0000018637496069,1.0000014457171804,1.0000038400726712,1.0000032819178413,1.0000035373100726,1.0000033410949414,1.0000038529728859,0.9999868737306892,1.0000037676572948,1.000003349625664,1.0
0.9999994240728075,0.9999994599065792,0.9999994298062108,0.9999994447703938,0.9999994652524048,0.9999994549322782,0.9999994298062108,0.9999288570027205,1.0000113190767395,1.0000113319770507,1.0000111869424528,1.000007425721241,1.0000034394768205,1.0000018092987843,1.0000015375283529,1.0000013800001297,1.000001550421975,1.0000012603340607,1.0000010385316953,0.9999848469363151,1.0000015504285373,1.000001278736133,1.0000034431613085,1.0000032856353926,1.0000034560549556,1.0000031659675943,1.0000029441656513,0.9999867526011466,1.0000034560615183,1.000003072149889,1.0
1.0000007245661364,1.0000007603999546,1.0000007302995473,1.0000007452637494,1.0000007657457872,1.0000007554256471,1.0000007302995473,0.9999602518431951,1.000009768237359,1.0000097811376503,1.0000097811376503,1.0000061485633758,0.9999986436389084,1.000001799657286,1.0000015223634284,1.0000013671099428,1.0000015352183318,1.000001456444709,1.0000014958105496,0.9999841586580788,1.0000015352636127,1.0000078541941262,1.0000034336267596,1.0000032769180895,1.000003446481688,1.000003367708216,1.000003407073981,0.9999860699546682,1.0000034465269692,1.0000034465269692,1.0
1.000001346030158,1.0000013818639986,1.0000013517635724,1.0000013667277838,1.0000013872098343,1.0000013768896878,0.9999934423072911,1.0000013488110497,1.0000124903798848,1.0000125032802107,1.0000125032802107,1.0000071871927267,0.9999982025639724,1.0000017569165114,1.0000013565704804,1.000001226185927,0.999999413721585,1.0000005319904748,1.0000013693696006,0.9999815401055517,1.0000013694706624,1.000026396267185,1.0000033929566399,1.0000032397339749,1.000001450111754,1.0000025683783658,1.0000034057557867,0.9999835765321471,1.0000034058568488,1.0000034058568488,1.0
1.0000008856336828,1.0000009214675067,1.0000008913670946,1.000000906331299,1.0000009268133403,1.0000009164931982,0.9999910234547212,0.9999668806426514,1.000012599484769,1.0000126123850965,1.0000126123850965,1.0000072962981923,0.9999988329673043,1.0000017605261038,1.0000007607454788,1.0000007197346386,1.0000006580418024,1.0000005267818224,1.0000006475430752,0.9999793910451926,1.0000007736456533,1.0000556806372234,1.0000033676655695,1.0000032166107073,1.0000032649622281,1.0000031337025905,1.0000032544635287,0.9999819980210991,1.0000033805657782,1.0000033805657782,1.0
0.9999986511469671,0.999998686980711,0.999998656880366,0.9999986718445372,0.9999986923265325,0.9999986820064137,0.9999886532567558,0.9999155993183065,1.0000125045252382,1.0000125174255645,1.0000125174255645,1.0000072013381556,0.9999998154144895,1.000001769489112,1.0000007032244722,1.0000006708417792,1.0000007160170212,1.000000261926536,1.0000007160334274,0.9999789000422781,1.0000007161246458,1.0000575681005797,1.000003359666314,1.0000032092971014,1.000003372458898,1.0000029183696193,1.0000033724753037,0.9999815565421488,1.0000033725665227,1.0000033725665227,1.0
1.0003246471496485,1.0003246829950738,1.0003246528849163,1.0003246678539663,1.0003246883426387,1.0003246780191553,1.0003146779132805,1.000278423780308,0.9994192498899364,0.9994192627826091,0.9994192627826091,0.9994139435389686,0.9994061991849297,0.999474007540363,0.9999998257128393,0.999999924956837,0.9999998384830643,0.9999998385946267,0.9999998385598459,0.9999806185745844,0.9999998386130018,1.0000831322227013,1.0000034049843125,1.0000032507307055,1.0000034177545842,1.0000034178661463,1.0000034178313653,0.999984197914936,1.0000034178845216,1.0000034178845216,1.0
1.0013116807820601,1.0013115942181783,1.0013116060697695,1.0013111767850484,1.0013100778730049,1.001311711609042,1.0013049503626723,1.0013101987150248,0.9984221025691496,0.9984221153917757,0.9984219970910015,0.9984167908917841,0.9984103237296522,0.998581545313294,0.9993486644918491,0.9994454988067724,0.9993483817633932,0.999348677314004,0.9993486772654102,0.9993262626545464,0.9993480915668062,0.9994025190964392,1.0000033487063245,1.0000031991865388,1.0000030661798538,1.0000033615369706,1.0000033614884083,0.9999809615642868,1.0000027761732593,1.000003330042963,1.0
1.0011993324018191,1.0011993681409423,1.0011977596951853,1.0011991603874852,1.001198183647142,1.00119932258066,1.0011906684152596,1.0011993352044637,1.000271473901704,1.0002710143277336,1.0002709067304787,1.0002664345729124,1.0002602623345125,1.00023160677302,0.9999727843865582,0.9999755880313046,0.999972049049146,0.9999727972089325,0.9999727657047748,0.9999506861536335,0.9999725504536983,1.000032211824362,0.9997739916255738,0.9997919764147684,0.9997732561368156,0.9997740044453686,0.9997739729349465,0.9997518889899292,0.9997737576410695,0.9997734898057158,1.0
1.001010652708322,1.0010106885783308,1.0010104136841418,1.001010175140023,1.0010106939049648,1.001010095454426,1.00100271940793,1.0010106555205307,1.00020136919474,1.0002012718524114,1.0002013820555116,1.000196493563627,1.0001893724424813,1.000169549878386,1.0000690175473383,1.0000587276191848,1.0000680854863888,1.0000690304483937,1.0000690304372384,1.0000477214573866,1.0000690304438005,1.0001014351478479,1.000487175487672,1.0004452247119646,1.0004862438270792,1.0004871883941209,1.0004871883829707,1.0004658883163882,1.0004871883895297,1.000487146399453,1.0
1.0007300218064985,1.0007300576664506,1.0007300275440905,1.0007300425192067,1.000730063016182,1.0007300526885152,1.0007224951424885,1.000730024610574,1.000091697860936,1.0000917107622842,1.0000917107622842,1.00008718266483,1.0000799951897792,1.0000721473691996,1.0000687210644867,1.0000584757226818,1.0000687339655379,1.0000687339655379,1.0000687339655379,1.0000479898193524,1.0000687339655379,1.0000995820486407,1.0003069756554683,1.0002806718237178,1.0003069885595934,1.0003069885595934,1.0003069885595934,1.0002862493581144,1.0003069885595934,1.0003069885595934,1.0
1.0003515297366683,1.000351565576497,1.0003515354720902,1.0003515371204525,1.0003515709307653,1.0003515606049773,1.0003427249673487,1.0003493577625138,1.000012510049261,1.0000125229495873,1.0000124914473376,1.0000072068622077,1.000000503082658,1.0000017744005683,1.0000014951185714,1.0000013439518127,1.0000015080187552,1.0000015080016926,1.0000015080187552,0.9999802370886529,1.0000015080187552,1.000002836882766,1.000063273791854,1.0000579829579426,1.000063286692835,1.0000632866757735,1.000063286692835,1.0000420170777853,1.000063286692835,1.0000632236895277,1.0
0.9999990125477564,0.9999990483815133,0.9999990182811574,0.999999033245334,0.9999990537273368,0.9999990434072142,0.9999990182811574,0.9999213071744848,1.0000128855157626,1.0000128984160936,1.0000127684753568,1.0000075823307109,1.0000005529035596,1.0000017696855654,1.0000015179635646,1.0000013633700586,1.0000014652367983,1.0000013182342853,1.0000015308637489,0.9999825571940951,1.0000015308637489,1.000001438332478,1.0000034089474454,1.000003254354142,1.000003356220828,1.0000032092185926,1.0000034218476546,0.9999844482139051,1.0000034218476546,1.0000032643477252,1.0
1.0000010133928003,1.0000010492266287,1.0000010191262128,1.0000010340904193,1.000001054572463,1.0000010442523197,1.0000010191262128,0.9999710675579826,1.0000115005226482,1.000011001525313,1.0000113873985184,1.000006151318425,0.9999942164438377,1.0000017348253432,1.000001500876806,1.0000013487933206,1.0000011554212762,1.0000013365635725,1.0000014310579854,0.9999807760605729,1.0000015137769904,1.0000007925403906,1.000003379005916,1.0000032269220258,1.0000030335510837,1.00000321469304,1.0000033091872753,0.9999826542286863,1.0000033919061249,1.0000026706708796,1.0
1.0000013631192712,1.0000013989531122,1.0000013688526856,1.0000013838168975,1.0000014042989482,1.0000013939788015,1.0000013688526856,1.0000013659176188,1.0000118074950841,1.0000102184114557,1.0000110275957388,1.0000095456349263,0.9999933644192338,1.0000017269736172,1.000001556442627,1.000001337960466,1.0000009983029654,1.0000010448930052,1.0000011754947045,0.9999796151844709,1.0000012024918594,1.000000943842924,1.0000034250132996,1.0000032065308517,1.0000028668747296,1.0000029134646822,1.0000030440661372,0.9999814837962248,1.000003071063242,1.0000028124147897,1.0
1.0000013631192695,1.0000013989531105,1.000001368852684,1.0000013838168957,1.0000014042989467,1.0000013939787997,1.000001368852684,1.000001365928642,1.0000083108975757,1.0000076910354176,1.0000076142889704,1.0000048151311836,0.9999887611971409,1.000001730089354,1.0000016532677574,1.0000013555476241,1.0000009330169302,1.0000007919066984,0.9999998035399472,0.9999819732281738,1.0000003417788532,0.9999997641688005,1.0000035373562226,1.0000032396359626,1.0000028171068016,1.0000026759968352,1.0000016876319464,0.9999838573537946,1.0000022258698382,1.000001648260874,1.0
1.0000013631192695,1.0000013989531105,1.000001368852684,1.0000013838168957,1.0000014042989467,1.0000013939787997,1.000001368852684,1.000001365928642,1.0000108101158598,1.0000098503165222,1.000008982748563,1.0000061027984906,0.9999949364976058,1.0000017530118799,1.000002702427906,1.0000013648756216,1.000001130308384,1.0000015877418753,0.9999998689248628,0.9999846181547519,1.000000109787944,1.000000443848127,1.0000045947448908,1.0000032571944557,1.0000030226283931,1.000003480061018,1.0000017612472585,0.9999865105060303,1.0000020021098845,1.000002336169435,1.0
1.0000013631192695,1.0000013989531105,1.000001368852684,1.0000013838168957,1.0000014042989467,1.0000013939787997,1.000001368852684,1.000001365928642,1.00001164505247,1.0000108854242584,1.0000094829858395,1.000007474619656,1.0000012996882268,1.0000017920637818,1.0000039278870707,1.000001375627503,1.0000034537166596,1.000001275512784,1.000001873401894,0.9999871622277235,1.0000029608632763,1.0000030481636506,1.0000058296886,1.0000032774332093,1.0000053555191393,1.0000031773194076,1.0000037752073803,0.999989064061207,1.0000048626666944,1.0000049499669021,1.0
1.0000013631192695,1.0000013989531105,1.000001368852684,1.0000013838168957,1.0000014042989467,1.0000013939787997,1.000001368852684,1.000001365928642,1.0000078532790222,1.000006426251338,1.000006520731897,1.000004962674854,0.9999974586392625,1.0000018122413088,1.0000026651481102,1.0000014146316192,1.000002677991872,1.0000011068696222,1.0000020013611595,0.9999923753469674,1.0000015353886862,1.0000026779734972,1.0000046013672113,1.0000033508524764,1.0000046142109984,1.0000030430917901,1.0000039375815957,0.9999943115860493,1.0000034716100246,1.0000046141926233,1.0
1.0000013631192695,1.0000013989531105,1.000001368852684,1.0000013838168957,1.0000014042989467,1.0000013939787997,1.000001368852684,1.000001365928642,1.000010079927459,1.0000096196051391,1.000009683240144,1.0000063997590534,1.0000038420116077,1.0000018228361065,1.000002104320323,1.0000014210395143,1.0000015305100811,1.0000020069600186,1.000002117201484,0.9999931898122398,1.0000018927457919,1.0000017588236736,1.000004046194488,1.0000033629143434,1.0000034723854105,1.000003948834422,1.0000040590756738,0.9999951317037711,1.0000038346204174,1.0000037006985592,1.0
1.0000013631192695,1.0000013989531105,1.000001368852684,1.0000013838168957,1.0000014042989467,1.0000013939787997,1.000001368852684,1.000001365928642,1.0000101256961877,1.000009626721756,1.0000096693750764,1.000007514130033,1.0000035622195664,1.0000018233453816,1.0000019990088727,1.0000014024215953,1.0000013720510468,1.0000014403044277,1.0000017218449082,0.9999889926602212,1.000001935127855,1.0000015426838436,1.00000392445578,1.0000033278689824,1.0000032974992112,1.0000033657524605,1.0000036472923992,0.999990918132234,1.0000038605749357,1.0000034681316792,1.0
1.0000013631192695,1.0000013989531105,1.000001368852684,1.0000013838168957,1.0000014042989467,1.0000013939787997,1.000001368852684,1.000001365928642,1.0000113909245076,1.0000108919507402,1.0000108919507402,1.0000081355371162,1.0000055527800864,1.0000018183213346,1.0000020095841038,1.0000013969083248,1.0000014508770398,1.000001510605413,1.0000014338128909,0.9999880282425805,1.0000015532590798,1.000001510605413,1.0000039301663683,1.0000033174910954,1.000003371460427,1.0000034311886858,1.0000033543963107,0.9999899488517614,1.0000034738422707,1.0000034311886858,1.0
1.0000013631192695,1.0000013989531105,1.000001368852684,1.0000013838168957,1.0000014042989467,1.0000013939787997,1.000001368852684,1.000001365928642,1.0000103222245567,1.000009891495495,1.0000098232502281,1.0000072210639879,1.0000035224516635,1.000001820648091,1.0000019752294285,1.0000013894601663,1.0000015786154712,1.0000014933121948,1.0000010496755096,0.999986769970532,1.0000014762507192,1.0000015018429287,1.000003889239911,1.0000033034710951,1.0000034926267625,1.000003407323649,1.000002963687813,0.9999886840101837,1.0000033902622065,1.0000034158543667,1.0
1.0000013631192712,1.0000013989531122,1.0000013688526856,1.0000013838168975,1.0000014042989482,1.0000013939788015,1.0000013688526856,1.000001365922825,1.0000100676793708,1.0000095687049089,1.0000095687049089,1.0000061664481443,1.0000032679047388,1.0000018202130145,1.0000015872341643,1.0000013932421747,1.00000153188437,1.0000010882473767,1.0000010455949362,0.999986963729429,1.0000010882552517,1.0000011906239805,1.0000035045824385,1.0000033105901471,1.0000034492327994,1.000003005596657,1.0000029629442981,0.9999888811058064,1.000003005604532,1.0000031079730647,1.0
1.000001362981584,1.000001398815425,1.0000013687149985,1.00000138367921,1.000001404161261,1.0000013938411143,1.0000013687149985,1.0000007719545534,1.0000117105650084,1.0000114589950775,1.0000112115914084,1.0000059721811374,1.0000050985268734,1.0000018071758634,1.0000015529534148,1.0000013931114333,1.0000015658535992,1.0000011307556644,1.000001053974484,0.999986893336658,1.000001258724682,1.0000013781650732,1.0000034701863956,1.0000033103440469,1.0000034830866056,1.000003047989504,1.0000029712084713,0.9999888105978101,1.0000031759582768,1.0000032953984388,1.0
1.000001363119272,1.000001398953113,1.0000013688526865,1.0000013838168984,1.0000014042989491,1.0000013939788022,1.0000013688526865,1.0000013658918951,1.0000097026697443,1.0000097155700343,1.0000092634097457,1.0000035310482183,1.0000034148744879,1.000001817257281,1.0000015315680963,1.0000013749339114,1.000001544440718,1.0000015444492494,1.0000009695722183,0.9999841186542089,1.0000015444682808,1.0000015444682808,1.0000034327622351,1.0000032761276672,1.0000034456348819,1.0000034456434133,1.0000028707674753,0.9999860198815245,1.0000034456624447,1.0000034456624447,1.0
1.000000882950598,1.0000009187844219,1.0000008886840097,1.0000009036482143,1.0000009241302552,1.0000009138101134,1.0000008886840097,0.999965790414292,1.0000098447045784,1.0000098576048704,1.000009721104551,1.0000036172928868,1.0000032076699084,1.0000018151317744,1.000001521089843,1.0000013660273952,1.0000011795049286,1.0000015181717963,1.0000013560645782,0.9999840392035902,1.000001533990027,1.0000079296834103,1.0000034318129607,1.0000032752597587,1.0000030902287487,1.0000034288949697,1.0000032667880607,0.999985949960183,1.00000344471317,1.00000344471317,1.0
1.0000013362006828,1.000001372034523,1.0000013419340972,1.0000013568983082,1.0000013773803589,1.0000013670602124,0.999995409615609,0.9999946800162611,1.0000122753573886,1.000012288257712,1.000012288257712,1.0000069721690845,1.000005583809306,1.0000018050386545,1.0000014883712327,1.0000013382165747,0.999999492989246,1.000001501176917,1.0000015011532917,0.9999841378322946,1.0000015012714165,1.0000147771704848,1.0000034321096456,1.0000032755310138,1.0000014367315881,1.0000034449153552,1.0000034448917305,0.9999860816045046,1.0000034450098552,1.0000034450098552,1.0
1.0000259225114483,1.0000259583461693,1.0000259282450035,1.0000259432095833,1.0000259636921367,1.0000259533717364,1.0000162325923896,1.0000259252841408,1.0000086195743632,1.0000086324746391,1.0000086324746391,1.0000033163665734,0.9999978744277438,0.999999684639977,0.9999704293563888,0.9999749358695691,0.999970032665447,0.9999704421478879,0.9999703791439808,0.9999527926190773,0.9999704422561725,0.9999838996070972,1.0000034295042755,1.0000032731489605,1.0000030328272758,1.0000034422962039,1.0000033792943759,0.9999857933502128,1.0000034424044848,1.0000034424044848,1.0
1.0011244727507072,1.001124508624794,1.0011244784905606,1.0011244934715793,1.0011245139766334,1.0011245036448961,1.001114607682706,1.0011102804789884,0.9981623633137814,0.9981623761902405,0.9981623761902405,0.9981570502472461,0.9981474608506163,0.9983530032547958,0.9997958175076898,0.9998264231005407,0.999795830339582,0.9997958303658375,0.9997939687289019,0.9997758426006,0.9997958304052204,0.9998094947930689,1.0000033907994499,1.0000032377616865,1.000003403634034,1.000003403660284,1.0000015424097997,0.9999834200470602,1.0000034036996588,1.0000034036996588,1.0
1.0013912964586094,1.0013913323422576,1.001391302199993,1.0013913171850046,1.0013913376955237,1.001391327359008,1.0013834666612074,1.0013882802973406,1.0000127361231772,1.0000127490235062,1.00001274902285,1.0000074329136994,0.9999978941446142,1.0000017506275076,0.9984640567151212,0.9986894567953408,0.9984640695935004,0.9984640695626094,0.9984639183109899,0.9984428841733078,0.998464069595472,0.9984934270095185,0.9992784685497821,0.9993397400856808,0.9992784814386687,0.9992784814078027,0.9992783302794546,0.9992573132982779,0.999278481440639,0.999278481440639,1.0
1.0011883468783032,1.0011882078591192,1.0011879593229225,1.0011883675457007,1.0011883879967773,1.0011877612216495,1.0011813433636345,1.0011643606332683,0.9996339015829876,0.9996338829412712,0.9996338356226623,0.9996285963450284,0.9996209048935005,0.9996652648232955,0.9995926466968458,0.9996534508161566,0.9995926280066828,0.9995926595090344,0.9995922983766986,0.9995720091817253,0.9995926490054097,0.9996202531335078,1.0003202373497415,1.000292785161572,1.0003202186919382,1.0003202501713764,1.0003198893017158,1.000299614875782,1.0003202396753914,1.000320213455421,1.0
1.0013110647149788,1.0013078801217934,1.001309805042475,1.001311045487324,1.0013095600452613,1.00130882480105,1.0013032273212634,1.0013110675265025,1.0003447186185588,1.0003447314103349,1.0003437001793047,1.0003394172015807,1.0003343590477172,1.000297945376569,1.0000024614065666,1.000001359724752,1.000002474200451,1.000002416453155,1.0000022773186443,0.9999755977690719,1.0000022405894384,1.0000311159166353,1.00063609945712,1.0005802796218,1.0006361122592462,1.0006360545485171,1.0006359155021118,1.0006092528640465,1.000635878796164,1.0006360021086147,1.0
1.0011598776979365,1.0011597824531708,1.0011598414735077,1.0011598984195424,1.0011599188644231,1.0011599004390304,1.001152579824852,1.0011598805105646,1.0002436008161957,1.0002436137129425,1.0002436137195032,1.0002382988605665,1.000230741392556,1.0002067372930203,1.0000965240191062,1.0000820978799196,1.0000965053841664,1.000096536894925,1.0000965369178914,1.000072389360247,1.000096484421594,1.0001350672720828,1.0005598462374774,1.0005115585125592,1.0005598276231176,1.000559859119285,1.0005598591422407,1.0005357227765173,1.000559806670252,1.0005598591304348,1.0
1.0008627809991553,1.0008628168638645,1.0008627867375084,1.000862801714611,1.0008628222143061,1.000862811885269,1.0008538596036163,1.0008627838032984,1.0001208598342828,1.000120872736007,1.000120872736007,1.0001162135145631,1.000106206575255,1.0000980586250148,1.0000268078299512,1.0000228582989985,1.0000267774013691,1.0000267629661974,1.000026623855418,1.0000064001150775,1.000026820730462,1.0000513394378732,1.0004033363028777,1.000368677101096,1.0004033058954604,1.0004032914657222,1.000403152407301,1.000382936284573,1.0004033492082456,1.0004033492082456,1.0
1.0003031638523026,1.0003031209564923,1.0003031695874474,1.0003031845561756,1.0003031206275856,1.000303129755386,1.0002943376498765,1.0002881956298024,1.0000124943300377,1.0000125072303638,1.0000125072303638,1.0000079689020045,0.9999980134600381,1.000001757510588,1.000001495319961,1.000001344122994,1.000001324461254,1.0000013808957182,1.000001327085612,0.9999806773120782,1.0000015082201448,1.0000059080075225,1.000121664002218,1.0001113538027881,1.0001214931671412,1.000121549594824,1.000121495791184,1.0001008485007552,1.0001216769039525,1.0001216769039525,1.0
1.0000006388217533,1.0000006746555685,1.0000006445551637,1.0000006595193642,1.0000006800014005,1.0000006696812613,1.0000006445551637,0.9999575321476257,1.0000107092732138,1.0000107221735168,1.0000107221735168,1.000005395526012,0.9999982440199826,1.000001781341857,1.000001541694259,1.000001357863391,1.0000012395930684,1.0000013143996684,1.0000014810642675,0.9999818926922666,1.000001515214225,1.0000016195630153,1.0000034278280052,1.0000032439966462,1.0000031257274336,1.0000032005338926,1.0000033671981767,0.9999837788631496,1.00000340134807,1.0000034407282146,1.0
1.0000012444019593,1.0000012802357963,1.0000012501353732,1.0000012650995829,1.0000012855816316,1.000001275261486,1.0000012501353732,0.9999838021275744,1.000011229103625,1.0000112118082254,1.0000107674857621,1.0000053009544068,0.9999976325982196,1.0000017678315483,1.0000016310293547,1.0000013322929082,1.0000012711571993,1.0000014168487241,1.0000015073611628,0.9999790514644452,1.000001457478067,1.0000013709246502,1.0000034945991152,1.0000031958625293,1.0000031347276788,1.000003280418932,1.0000033709312015,0.9999809150763687,1.000003321048199,1.0000032344949434,1.0
1.000001363119271,1.0000013989531122,1.0000013688526856,1.0000013838168975,1.0000014042989482,1.0000013939788015,1.0000013688526856,1.0000013659258875,1.0000123926051072,1.0000122544420627,1.0000117327407587,1.0000056596372144,1.0000006883153818,1.0000017720366647,1.0000017299117845,1.0000013398714898,1.0000002096958045,1.0000013621271637,1.0000006217933157,0.9999800638107853,1.000001588465729,1.0000013070388223,1.0000036001683092,1.00000321012805,1.0000020799552203,1.0000032323844241,1.000002492051961,0.9999819341079124,1.0000034587225657,1.0000031772961862,1.0
1.0000013631192695,1.0000013989531105,1.000001368852684,1.0000013838168957,1.0000014042989467,1.0000013939787997,1.000001368852684,1.000001365928642,1.0000118488488265,1.0000109743767853,1.0000111213808363,1.0000034367619448,1.000001338726544,1.0000017753657704,1.0000020652504253,1.0000013766423999,1.000000922984952,0.9999993892576142,1.0000005600836046,0.9999853881871605,1.0000005082763421,1.0000002017530152,1.00000396795102,1.0000032793436249,1.000002825687769,1.00000129196335,1.000002462787112,0.9999872909195556,1.0000024109799484,1.0000021044572047,1.0
1.0000013631192695,1.0000013989531105,1.000001368852684,1.0000013838168957,1.0000014042989467,1.0000013939787997,1.000001368852684,1.000001365928642,1.0000139357270572,1.0000117473749333,1.0000127088244593,1.000006765017675,1.0000042770704882,1.0000017711330456,1.0000043004926797,1.0000013760146191,1.0000030833703282,1.0000021292106118,1.0000020943813601,0.9999878368978508,1.0000026837416547,1.0000019152635584,1.0000062026350764,1.0000032781619015,1.0000049855150892,1.0000040313571879,1.0000039965280025,0.9999897390716321,1.0000045858871762,1.0000038174105415,1.0
1.0000013631192695,1.0000013989531105,1.000001368852684,1.0000013838168957,1.0000014042989467,1.0000013939787997,1.000001368852684,1.000001365928642,1.000011042568153,1.0000095249450969,1.000009542018881,1.0000060549622771,1.0000027059975825,1.00000180441407,1.0000033316161163,1.0000013602513917,1.0000018671487556,1.000001784443048,1.0000023934191138,0.9999845283133193,1.0000003688278407,1.0000014884537325,1.0000052198517975,1.0000032484901071,1.000003755387251,1.0000036726816994,1.0000042816566153,0.9999864165845797,1.0000022570691656,1.000003376692943,1.0
1.0000013631192695,1.0000013989531105,1.000001368852684,1.0000013838168957,1.0000014042989467,1.0000013939787997,1.000001368852684,1.000001365928642,1.0000063312175547,1.0000047539159,1.0000052001603197,1.0000031649648145,0.999999681657497,1.0000018350377582,1.0000017585370635,1.0000014059622067,1.0000011741981807,1.0000010822810965,1.000000519859339,0.9999894991450592,1.0000016788338144,1.000001051445119,1.0000036871084783,1.0000033345336339,1.0000031027707723,1.0000030108538658,1.0000024484331929,0.9999914277401779,1.0000036074054328,1.0000029800179473,1.0
1.0000013631192695,1.0000013989531105,1.000001368852684,1.0000013838168957,1.0000014042989467,1.0000013939787997,1.000001368852684,1.000001365928642,1.00000772786881,1.0000069906062683,1.0000074978733446,1.0000056077481052,1.0000023366748931,1.0000018378970326,1.0000019769234045,1.000001419852018,1.00000104479955,1.000001989815064,1.0000019392779593,0.9999927591130968,1.0000019635126025,1.0000019897560013,1.0000039177500384,1.0000033606790697,1.0000029856280432,1.000003930641723,1.000003880104716,0.9999946999576771,1.0000039043393123,1.0000039305826602,1.0
1.0000013631192695,1.0000013989531105,1.000001368852684,1.0000013838168957,1.0000014042989467,1.0000013939787997,1.000001368852684,1.000001365928642,1.000008048503272,1.0000076092425039,1.0000075495277503,1.0000044662346834,1.0000004550956483,1.000001825997372,1.0000020649630232,1.0000014222270803,1.0000010540957007,1.0000019413585526,1.0000016257020976,0.9999935307811655,1.0000017536685064,1.0000017792670963,1.000004007885105,1.0000033651497493,1.0000029970197966,1.0000038842809247,1.0000035686250828,0.9999954737198838,1.0000036965912433,1.0000037221897833,1.0
1.0000013631192695,1.0000013989531105,1.000001368852684,1.0000013838168957,1.0000014042989467,1.0000013939787997,1.000001368852684,1.000001365928642,1.000007990267432,1.0000076533744815,1.0000074912918795,1.000006168880273,1.0000000272772942,1.0000018273414395,1.000002044628057,1.000001412193469,1.0000010337607135,1.0000014688621153,1.0000014262016967,0.999991058481093,1.0000016053644967,1.000001639487358,1.0000039786970818,1.0000033462630493,1.0000029678317433,1.0000034029323037,1.0000033602719678,0.9999929925714244,1.0000035394344209,1.0000035735572168,1.0
1.0000013631192695,1.0000013989531105,1.000001368852684,1.0000013838168957,1.0000014042989467,1.0000013939787997,1.000001368852684,1.000001365928642,1.000005733657689,1.000005251742364,1.000005234680953,1.0000024099766234,0.9999961511642644,1.000001823209968,1.0000020291781562,1.000001399061047,1.0000010183107966,1.0000014192884692,1.000001564318476,0.9999884496657869,1.0000015813838667,1.0000016240374507,1.0000039516598511,1.0000033215432813,1.0000029407944846,1.0000033417713863,1.0000034868011143,0.9999903721736513,1.0000035038664719,1.0000035465199741,1.0
1.000001363119271,1.0000013989531122,1.0000013688526856,1.0000013838168975,1.0000014042989482,1.0000013939788015,1.0000013688526856,1.0000013659173124,1.0000072261988302,1.0000068722443094,1.0000067528149514,1.0000039195892347,0.9999985916548438,1.0000018243743294,1.000002002075558,1.0000013905266159,1.00000099120817,1.0000011533053483,1.0000019296619698,0.9999869846235588,1.0000015457505305,1.0000015030968634,1.0000039170269455,1.0000033054785018,1.000002906161543,1.0000030682584107,1.0000038446135453,0.9999888996037698,1.0000034607028412,1.000003418049256,1.0
1.000001357106063,1.0000013929399039,1.0000013628394773,1.000001377803689,1.0000013982857396,1.0000013879655931,1.0000013628394773,0.9999974347465187,1.0000098047628045,1.0000095275972678,1.0000098091306158,1.0000066176225508,0.9999998671574478,1.0000018076590471,1.0000015520049446,1.0000013923052335,1.000000993294332,1.0000010956770746,1.000001564905129,0.9999867702572464,1.0000011639313624,1.0000011383359426,1.0000034685265984,1.000003308826518,1.0000029098171062,1.000003012199653,1.0000034814268084,0.9999886868072956,1.0000030804538098,1.0000030548584395,1.0
1.0000009177463538,1.0000009535801788,1.0000009234797658,1.0000009384439705,1.0000009589260126,1.0000009486058703,1.0000009234797658,0.9999671215035832,1.0000115419291782,1.000011554829492,1.000011554829492,1.0000091220017793,1.000000059577774,1.0000017903256524,1.0000015376571505,1.0000013801096077,1.000001550557335,1.000001550557335,1.000001550557335,0.9999848503484104,1.000001550557335,1.000001550557335,1.0000034434180147,1.0000032858700953,1.0000034563182245,1.0000034563182245,1.0000034563182245,0.9999867561411463,1.0000034563182245,1.0000034563182245,1.0
1.000001218007035,1.0000012538408707,1.0000012237404488,1.0000012387046582,1.000001259186706,1.0000012488665608,1.0000012237404488,0.9999819330298599,1.0000112273875423,1.000011240287852,1.000011240287852,1.000006474870664,0.999997124030826,1.0000017674796082,1.0000015083531104,1.0000013552011717,1.0000015211975133,1.000001521213263,1.0000015212014508,0.9999816754071166,1.0000015212532944,1.0000039308910136,1.0000033946034763,1.0000032412396542,1.0000034074479043,1.0000034074636543,1.0000034074518418,0.9999835616949699,1.0000034075036854,1.0000034075036854,1.0
1.0000013521000435,1.000001387933884,1.000001357833458,1.0000013727976693,1.00000139327972,1.0000013829595735,0.9999950067410743,1.0000013548962472,1.00001249335509,1.0000125062554162,1.0000125062554162,1.0000072131363766,0.9999981667851032,1.0000017566439594,1.0000015056383946,1.0000013528936633,1.0000015184289854,1.0000013215574903,1.000001518435548,0.9999840697088309,1.0000015185385787,1.0000118249095116,1.0000034325455023,1.0000032759295112,1.0000034453361184,1.0000032484650028,1.000003445342681,0.9999859966496079,1.0000034454457118,1.0000034454457118,1.0
1.0000815686972346,1.0000816045339505,1.000081574431109,1.0000815893965211,1.0000816098802146,1.00008159955924,1.000074218717506,1.0000712738217534,0.9998909468792508,0.999890959778009,0.999890959778009,0.9998874843193281,0.9998761680737138,0.9998936930157551,0.9999841319364594,0.9999865845679904,0.9999841447222306,0.9999841394688651,0.999984144718949,0.9999631854955271,0.9999841448364196,1.0000025033162463,1.0000033753189363,1.0000032236080723,1.000003388104958,1.0000033828516937,1.0000033881016765,0.9999824292818958,1.000003388219145,1.000003388219145,1.0
1.000866507411169,1.0008665432760118,1.0008665131495438,1.0008665281267017,1.0008665486264727,1.0008665382973976,1.0008569187548102,1.0008453748573396,0.998382892882972,0.9983829057622758,0.9983829057622758,0.9983775809959464,0.9983691084581168,0.9985488662899572,1.0000012245445986,1.0000011139639193,1.0000012373804672,1.0000010431135888,1.0000012373673421,0.999982307765492,1.0000012374447793,1.0000359986359144,1.0000034096711057,1.0000032550157743,1.0000034225070025,1.000003228240549,1.0000034224938772,0.9999844929334202,1.0000034225713146,1.0000034225713146,1.0
1.0009143555276185,1.0009143913941765,1.0009143612662676,1.0009143762441424,1.0009143967448932,1.0009143864153238,1.000906047174465,1.0008837145907274,1.0000124937722497,1.0000125066725758,1.0000125066725758,1.0000071905851098,0.9999982164388915,1.0000017569832595,0.998732736278478,0.9989194212327711,0.9987327491162985,0.9987327438162693,0.9987327491274695,0.9987135585681309,0.9987327491622946,0.9987819494439849,1.000003405860801,1.0000032515320667,1.0000034187150728,1.0000034134217775,1.0000034187262288,0.9999842525681978,1.00000341876101,1.00000341876101,1.0
1.0010818966932966,1.0010819324511386,1.0010813010544368,1.0010819173418777,1.001081919109806,1.0010819113241753,1.0010749409683473,1.001066253550081,0.999319465871962,0.9993194786687833,0.9993194787003046,0.9993141589884773,0.9993073783157439,0.999384930148369,0.9997077329971574,0.9997514192133955,0.9997073046592262,0.9997071418663359,0.9997075488880578,0.9996841546503563,0.9997076670501729,0.9997827189158528,0.9990326940125527,0.9991144399753884,0.9990322653677765,0.9990321024648864,0.9990325097616315,0.9990090997030885,0.9990326280035868,0.9990326122639045,1.0
1.0011377118772689,1.0011377475988799,1.001136988638908,1.0011366696942308,1.0011334380863421,1.0011373776152883,1.0011307202505144,1.0011377146668916,1.0002421602059361,1.0002421730022821,1.0002421730094992,1.000236858242632,1.0002303667528891,1.000204362886876,1.000203613446064,1.0001719554232245,1.0002035160219964,1.0002036262543743,1.0002034687649748,1.0001798904878643,1.000203111843655,1.0002607626421682,1.0005262705979348,1.000479734648601,1.0005261732136086,1.0005262834104385,1.000526125971827,1.0005025553051938,1.000525769165611,1.0005258793588594,1.0
1.000983317639818,1.0009833535001056,1.0009833233653134,1.000983338314586,1.000983007439089,1.0009833485235677,1.0009752949207915,1.0009833204519496,1.000178931035096,1.0001789439132922,1.0001789439185411,1.0001736287349154,1.0001673415942385,1.0001484223050467,1.0000926622776498,1.0000788170793458,1.0000926751724482,1.0000926751494814,1.000092675141607,1.000071144703457,1.0000926751671984,1.000127916808744,1.0004745547011133,1.000433702859324,1.0004745676008402,1.0004745675778828,1.0004745675700115,1.0004530453568832,1.0004745675955933,1.000474567587066,1.0
1.000726297236207,1.000726333096026,1.000726302973778,1.0007263179488382,1.0007263384457377,1.000726328118109,1.0007193880191299,1.0007263000476168,1.0000647687157862,1.000064781616787,1.000064781616787,1.0000594658072564,1.0000512110575077,1.0000482173156713,1.0000978433280594,1.0000832187561688,1.0000978562294867,1.0000978562294867,1.0000978562294867,1.0000746959105147,1.0000978562281742,1.0001355117862774,1.0002736287006964,1.0002502101113542,1.000273641604391,1.000273641604391,1.000273641604391,1.0002504853590783,1.0002736416030789,1.000273641604391,1.0
1.0002407217992986,1.000240757641717,1.0002407275340854,1.0002407425018793,1.0002406621415667,1.0002407526662156,1.0002322660765801,1.0002281965367525,1.0000125071853176,1.0000125200856442,1.0000125200856442,1.0000072039982493,0.9999997464819165,1.0000017689376126,1.0000991370075414,1.0000843178330898,1.0000990974095434,1.0000991499089849,1.0000989924169128,1.0000778810467574,1.0000991498696135,1.0001353152992585,1.0000594533390543,1.000054490588069,1.0000594137384613,1.0000594662399866,1.000059308741665,1.0000381965331093,1.0000594662006137,1.0000594662242372,1.0
1.0000011468412273,1.0000011826750606,1.0000011525746404,1.000001167538849,1.0000011880208954,1.000001177700751,1.0000011525746404,0.999977600803312,1.0000124904261538,1.0000125033264802,1.0000125033264802,1.0000071872376834,0.9999978637726145,1.000001754040436,1.0000014980929008,1.000001346479993,1.0000014479734165,1.000001319359151,1.000001353473167,0.9999821899113566,1.000001363990274,1.0000097863237762,1.0000034032824758,1.0000032491747406,1.0000033531631363,1.000003224549116,1.0000032586630667,0.9999840951377936,1.000003269180154,1.0000032586827545,1.0
1.0000013013839562,1.000001337217795,1.0000013071173703,1.000001322081581,1.0000013425636307,1.0000013322434846,1.0000013071173703,0.9999887252335846,1.0000124840431213,1.0000117546934562,1.0000124201525449,1.0000066005035426,0.999997439145611,1.0000017483648245,1.000001968595438,1.0000013402515595,1.0000015509713451,1.0000013258347398,1.000001877749067,0.9999802796337772,1.000001430198362,1.000001789863753,1.0000038391868633,1.0000032108434673,1.0000034215636,1.0000031964274163,1.000003748340711,0.9999821502658557,1.0000033007908427,1.000003660455561,1.0
1.0000013631192695,1.0000013989531105,1.000001368852684,1.0000013838168957,1.0000014042989467,1.0000013939787997,1.000001368852684,1.0000013659280302,1.0000130064203014,1.000012458761818,1.0000121582529777,1.000006459862413,1.0000002260338463,1.0000017609586591,1.000002341335392,1.0000013390752003,1.0000022583299508,1.0000008040680692,1.0000021179148735,0.9999807317327281,0.999999763802137,1.0000017018602034,1.0000042108881781,1.0000032086291657,1.0000041278829408,1.0000026736237781,1.0000039874681257,0.9999826013259961,1.0000016333597908,1.0000035714142341,1.0
1.0000013631192695,1.0000013989531105,1.000001368852684,1.0000013838168957,1.0000014042989467,1.0000013939787997,1.000001368852684,1.000001365928642,1.0000109414153306,1.0000081794725275,1.0000098254720944,1.0000029809419302,1.0000000754383882,1.0000017781226005,1.0000023287747384,1.0000013590568946,0.9999996928492985,1.0000008177135618,1.0000013729335513,0.9999831373369192,1.0000015421836663,1.0000015829136033,1.00000421595834,1.0000032462416384,1.000001580037924,1.000002704900064,1.0000032601190059,0.9999850245568135,1.0000034293688012,1.000003470098662,1.0
1.0000013631192695,1.0000013989531105,1.000001368852684,1.0000013838168957,1.0000014042989467,1.0000013939787997,1.000001368852684,1.000001365928642,1.0000109439584661,1.0000092668770155,1.0000084878469626,1.0000033465332414,1.0000014513671804,1.0000017879771659,1.0000024371151899,1.0000013925916111,1.0000004764827821,1.00000143857438,0.9999993482997144,0.9999883071359879,1.0000017384856363,1.0000008603881063,1.0000043538877836,1.0000033093655352,1.0000023932591835,1.0000033553489371,1.0000012650782786,0.9999902239357289,1.0000036552596183,1.0000027771637718,1.0
1.0000013631192695,1.0000013989531105,1.000001368852684,1.0000013838168957,1.0000014042989467,1.0000013939787997,1.000001368852684,1.000001365928642,1.0000086398414987,1.0000074464173543,1.0000064062041762,1.000005047604037,1.0000006124642824,1.0000018200063294,1.0000024089336503,1.0000013825757665,1.0000008525665205,1.0000001740004876,0.9999994375789325,0.999986732017625,1.0000013132937235,1.0000008880224007,1.0000043168688435,1.0000032905122433,1.0000027605047326,1.0000020819399944,1.0000013455198447,0.999988639982796,1.0000032212310566,1.0000027959605449,1.0
1.0000013631192695,1.0000013989531105,1.000001368852684,1.0000013838168957,1.0000014042989467,1.0000013939787997,1.000001368852684,1.000001365928642,1.0000074655604012,1.0000067741717529,1.0000064526760521,1.0000021077306966,1.0000023690357382,1.0000018322918887,1.0000039305834,1.0000014097447296,1.0000029694844272,1.0000014580881285,1.0000023762118178,0.9999933408057454,1.000003248379265,1.0000012598238213,1.0000058624881105,1.000003341653645,1.0000049013910446,1.0000033899976661,1.0000043081195813,0.9999952727309723,1.0000051802853434,1.0000031917337422,1.0
1.0000013631192695,1.0000013989531105,1.000001368852684,1.0000013838168957,1.0000014042989467,1.0000013939787997,1.000001368852684,1.000001365928642,1.0000087693579853,1.0000082775432597,1.000008423864467,1.0000057829283375,1.0000040306030982,1.0000018347680009,1.000002126107546,1.0000014133443544,1.0000021389998635,1.0000015575539833,1.0000016868308983,0.9999913708377749,1.0000021389499887,1.0000011401196132,1.0000040611918422,1.000003348429367,1.0000040740841842,1.0000034926394297,1.0000036219160946,0.9999933059429416,1.0000040740343092,1.0000030752058675,1.0
1.0000013631192695,1.0000013989531105,1.000001368852684,1.0000013838168957,1.0000014042989467,1.0000013939787997,1.000001368852684,1.000001365928642,1.000007963326654,1.0000075240658464,1.0000074643510877,1.000005160096714,1.0000016919376173,1.0000018331323277,1.0000020761162947,1.0000014172051224,1.000001926921923,1.0000016283220274,1.0000015771376392,0.9999921909027475,1.000001696574945,1.0000016283220274,1.0000040146072338,1.0000033556966763,1.0000038654132006,1.0000035668138842,1.0000035156295952,0.9999941294129057,1.00000363506667,1.0000035668138842,1.0
1.0000013631192695,1.0000013989531105,1.000001368852684,1.0000013838168957,1.0000014042989467,1.0000013939787997,1.000001368852684,1.000001365928642,1.0000077733515018,1.0000072829065254,1.0000072743758355,1.0000039955037523,1.0000016168144819,1.000001832310362,1.000002039992144,1.0000014010018228,1.000001148561769,1.0000016433821515,1.0000015410134693,0.9999887986236741,1.0000015410134693,1.0000016007285817,1.0000039641862668,1.000003325196503,1.0000030727576574,1.0000035675770877,1.0000034652086018,0.9999907228433386,1.0000034652086018,1.0000035249235995,1.0
1.0000013631192695,1.0000013989531105,1.000001368852684,1.0000013838168957,1.0000014042989467,1.0000013939787997,1.000001368852684,1.000001365928642,1.0000080686261898,1.0000077232045987,1.0000075696506787,1.0000046228818131,1.0000010600921585,1.000001828732004,1.000001875559917,1.0000014135168707,1.0000013339208524,1.0000014618884325,1.0000013765811562,0.9999911290302292,1.0000013765811562,1.0000015898645873,1.000003810796948,1.0000033487541302,1.0000032691589815,1.000003397126314,1.0000033118192024,0.9999930642881155,1.0000033118192024,1.0000035251022212,1.0
1.000001359107946,1.0000013949417867,1.0000013648413604,1.0000013798055722,1.0000014002876227,1.0000013899674762,1.0000013648413604,0.999998156078384,1.0000082677774076,1.0000082806776793,1.000007768802001,1.0000047137496313,1.0000016918214174,1.0000018295442956,1.0000015561718436,1.000001395847098,1.0000015690720283,1.0000010657170948,1.000000946279887,0.9999873647088893,1.0000011254387795,1.0000015690720283,1.0000034758186358,1.0000033154935246,1.0000034887188458,1.0000029853648782,1.0000028659278997,0.9999892843829886,1.0000030450864485,1.0000034887188458,1.0
1.0000000140372214,1.0000000498710142,1.0000000197706282,1.0000000347348195,1.000000055216843,1.0000000448967101,1.0000000197706282,0.9999411657581949,1.0000096160888265,1.0000096289891156,1.000009253612458,1.0000074009455808,1.0000020010329034,1.0000018220022868,1.0000015521246093,1.0000013924069486,1.000001565024794,1.000001565024794,1.0000005753816759,0.9999867900647702,1.0000015650208565,1.000001565024794,1.0000034687359582,1.0000033090179328,1.000003481636168,1.000003481636168,1.0000024919949466,0.9999887067044775,1.0000034816322305,1.000003481636168,1.0
1.0000002927207956,1.0000003285545982,1.0000002984542038,1.0000003134183997,1.0000003339004284,1.0000003235802928,1.0000002984542038,0.9999478801646716,1.000008408361761,1.0000084212620346,1.0000084212620346,1.0000043883234742,1.0000017890785955,1.0000018278911311,1.000001547169934,1.0000013881954743,1.0000015600438685,1.000001092798374,1.0000010225606926,0.9999860943611958,1.0000015600701184,1.0000015600701184,1.0000034600653214,1.0000033010904918,1.0000034729392806,1.0000030056946803,1.000002935457133,0.9999880072862093,1.000003472965531,1.000003472965531,1.0
1.0000013604821876,1.0000013963160284,1.000001366215602,1.0000013811798136,1.0000014016618646,1.0000013913417178,1.000001366215602,0.9999987640164197,1.0000080618284901,1.0000080747287592,1.0000080747287592,1.0000043141661419,0.9999993386757954,1.0000018203300505,1.0000015079760198,1.0000013548806448,1.000000930206839,0.9999991267370799,1.000000457651575,0.9999821742165881,1.0000015208762039,1.0000059580635328,1.0000033998443791,1.0000032460313375,1.0000028220763404,1.0000010186099941,1.0000023495219708,0.9999840661216005,1.0000034127445883,1.0000034127445883,1.0
1.0000013532367045,1.0000013890705453,1.0000013589701189,1.00000137393433,1.000001394416381,1.0000013840962345,0.9999953444013953,1.000001356026171,1.0000125522896073,1.0000125651899343,1.0000125651899343,1.0000098777309436,1.000005740711978,1.000001809030698,1.0000013158694965,1.000001191590088,1.0000012709271597,1.0000010530320522,1.0000012341633213,0.9999846384049659,1.000001328769678,1.000031535885257,1.0000034435200085,1.0000032859633468,1.0000033985778225,1.0000031806831784,1.0000033618140622,0.9999867660910383,1.000003456420218,1.000003456420218,1.0
1.0000012495665038,1.0000012854003408,1.0000012552999178,1.0000012702641274,1.0000012907461762,1.0000012804260305,0.9999956227276519,0.9999848553303301,1.000012519068164,1.0000125319684907,1.0000125319684907,1.0000084038815122,1.000000779343716,1.0000017795002438,1.0000005858048961,1.0000005710351323,1.0000005093480009,1.000000551344147,1.0000004516049978,0.9999830119729193,1.0000005987050682,1.000062889987149,1.0000034304970205,1.0000032740566136,1.0000033540404174,1.0000033960364434,1.0000032962975778,0.9999858567151375,1.0000034433972302,1.0000034433972302,1.0
0.9999993420251796,0.9999993778589482,0.9999993477585825,0.999999362722764,0.9999993832047736,0.9999993728846477,0.9999925603312647,0.9999275204717792,1.0000125111170617,1.000012524017388,1.000012524017388,1.0000072079300144,1.0000002290830343,1.0000017724325296,0.9999999778576073,1.000000054279899,0.9999999906396468,0.9999999907059282,0.9999999906396468,0.9999798986705464,0.9999999907577717,1.0000792371557652,1.000003390428518,1.0000032374225492,1.0000034032106024,1.0000034032768836,1.0000034032106024,0.9999833113101071,1.000003403328727,1.000003403328727,1.0
1.000148930619023,1.0001489664581529,1.0001489363532843,1.0001489513197044,1.0001489718047776,1.0001489614831078,1.0001408893619304,1.0000773077624978,0.9997413682771634,0.9997413811739921,0.9997413811739921,0.9997371042534673,0.999732583640117,0.9997606366153844,0.9999996833352309,0.999999803935861,0.9999996961362979,0.9999996961618917,0.9999996961422042,0.9999795384402204,0.9999996962353915,1.0000862102969568,1.0000033893057094,1.000003236395981,1.0000034021068251,1.0000034021324185,1.000003402112731,0.9999832444854942,1.0000034022059183,1.0000034022059183,1.0
1.0007680096222962,1.000767879225148,1.0007680153268816,1.000768030241931,1.0007679851078606,1.000767431900983,1.0007602746711484,1.0007443208651665,0.9985764009884193,0.9985752781735672,0.9985764138209301,0.998571353060305,0.998564308368387,0.9987214557375584,1.0000003272608635,0.9999998491792597,1.0000003400790012,0.9999996969110223,1.000000219339922,0.9999803090718479,0.999999087960488,1.0000856001541283,1.0000039807827399,1.0000032371099676,1.000003993600925,1.0000033504352959,1.0000038728622878,0.9999839626669976,1.0000027414869865,1.0000030407632432,1.0
1.0011868729063742,1.001186655218676,1.0011864748106958,1.0011865946203473,1.0011866610368672,1.0011855533231162,1.0011781511307594,1.0011868757129607,0.9995777616269061,0.9995773410991897,0.99957631953889,0.9995739269825155,0.9995657389731772,0.9996134616345254,1.00002691509769,1.0000216149552643,1.0000269278872989,1.0000268544193616,1.0000269016622727,1.0000018512831272,1.000025408051951,1.0001058365515445,0.9991749820426078,0.9992434732038348,0.999174994821132,0.9991749212905536,0.9991749685737455,0.9991498968160805,0.9991734736898595,0.9991740569498726,1.0
1.0010567987159504,1.0010568345876132,1.0010568044427426,1.0010568194337637,1.0010567274953335,1.001056829608052,1.0010487022727292,1.0010568015282888,1.0002197091049714,1.0002197219836946,1.0002197220027218,1.0002159884956783,1.000208631498064,1.00018488646446,1.000293328474232,1.000249206372038,1.0002933098762454,1.0002933413781807,1.00029334136834,1.0002682582725058,1.0002933413604673,1.0003625410898396,1.0004838768721036,1.000442213280021,1.000483858282576,1.0004838897785109,1.0004838897686719,1.000458811454541,1.0004838897608008,1.0004838897785109,1.0
1.0005288608249796,1.000528896677723,1.0005288665614185,1.0005288815335243,1.0005289020263795,1.0005288917007886,1.0005202334742926,1.000528863624509,1.0000268484097397,1.0000268613102508,1.0000268613102508,1.0000241738896831,1.000013994692916,1.000015119835629,1.00020191702542,1.0001716105982748,1.0002019299281897,1.0002019299281897,1.0002019246772802,1.0001790057695188,1.0002019299281897,1.0002550736802955,1.0001519897162192,1.0001390688484848,1.0001520026183448,1.0001520026183448,1.0001519973671735,1.0001290773143208,1.0001520026183448,1.0001520026170325,1.0
1.0000011750227875,1.0000012108566219,1.000001180756201,1.0000011957204098,1.0000012162024567,1.000001205882312,1.000001180756201,0.9999792173705453,1.0000125139645368,1.0000125268648634,1.0000125163610547,1.0000072140587097,1.00000058911028,1.000001774963643,1.0000727530775873,1.0000619016678158,1.0000727659649105,1.0000727659786905,1.0000726084896823,1.0000528460864173,1.0000727659786905,1.0001035529418505,1.0000033933186712,1.000003240064975,1.0000034062050986,1.00000340621888,1.000003248718948,0.9999834849439417,1.00000340621888,1.0000034061795051,1.0
1.0000006740651428,1.0000007098989592,1.0000006797985532,1.0000006947627547,1.0000007152447916,1.000000704924652,1.0000006797985532,0.9999586300877527,1.0000117444602372,1.0000117206096468,1.0000116444774516,1.0000072289010058,0.9999990954178307,1.000001776623433,1.0000014854938857,1.0000013357708295,1.0000013198766737,1.0000014983940695,1.000001340893837,0.9999807134498038,1.0000014485118776,1.0000093557883152,1.0000033783779374,1.0000032264048737,1.0000032127610878,1.0000033912781459,1.0000032337782119,0.9999826063732544,1.0000033413960485,1.0000033768085348,1.0
1.00000129640388,1.0000013322377186,1.0000013021372942,1.0000013171015045,1.0000013375835544,1.0000013272634083,1.0000013021372942,0.99998822261364,1.0000106745908701,1.0000105745731693,1.0000106061064162,1.0000064779388649,0.9999965265381519,1.0000017715055385,1.0000018742708283,1.0000013544097037,1.0000015721697466,1.0000018214699342,1.0000017296636277,0.9999818068585484,1.0000017375320955,1.000001814959273,1.0000037573548386,1.0000032374940047,1.000003455254375,1.0000037045540926,1.000003612747959,0.9999836899804252,1.0000036206164122,1.0000036980434437,1.0
1.000001363119271,1.0000013989531122,1.0000013688526856,1.0000013838168975,1.0000014042989482,1.0000013939788015,1.0000013688526856,1.0000013659188438,1.000009950820858,1.0000098677913076,1.0000095633669739,1.0000046199080375,0.9999950299388066,1.0000017652788398,1.0000023564131284,1.0000013480601169,1.0000018705480245,1.0000017995116453,1.0000016578550492,0.999981577704651,1.0000019807936902,1.0000021533338628,1.00000423389367,1.000003225541863,1.000003748029527,1.0000036769932812,1.0000035353369512,0.999983455224284,1.000003858274986,1.0000040308148346,1.0
1.0000013631192695,1.0000013989531105,1.000001368852684,1.0000013838168957,1.0000014042989467,1.0000013939787997,1.000001368852684,1.000001365928642,1.0000096752591823,1.0000084043933148,1.0000084254617092,1.0000026810692977,0.999994480578201,1.0000017572276376,1.0000024181755476,1.000001381525082,0.9999996234049459,1.0000017825356193,1.0000012929566147,0.9999862756924456,1.0000020168583723,1.0000017301249844,1.000004325183669,1.000003288534504,1.0000015304184469,1.0000036895450024,1.000003199966931,0.999988182731419,1.0000039238673086,1.0000036371344672,1.0
1.0000013631192695,1.0000013989531105,1.000001368852684,1.0000013838168957,1.0000014042989467,1.0000013939787997,1.000001368852684,1.000001365928642,1.0000148610377786,1.000013416935447,1.0000118490781373,1.0000100959591751,1.000004136967203,1.0000017649583703,1.0000030555412953,1.0000013955683655,1.0000012733965662,1.0000022565046944,1.0000011828412294,0.9999892716140528,1.0000019638266184,1.0000014263377823,1.0000049749392625,1.000003314968846,1.000003192798004,1.0000041759042453,1.0000031022428408,0.9999911910385401,1.0000038832267313,1.0000033457389261,1.0
1.0000013631192695,1.0000013989531105,1.000001368852684,1.0000013838168957,1.0000014042989467,1.0000013939787997,1.000001368852684,1.000001365928642,1.0000087701472515,1.0000072046265085,1.000007921932912,1.0000035862722236,0.9999988364481939,1.0000018063126401,1.0000029827775028,1.0000014101572388,1.0000020656425306,1.000001801157488,1.0000011809366518,0.9999919274601803,1.000002157485516,1.0000014264362196,1.0000049150480146,1.000003342430124,1.0000039979148645,1.0000037334303324,1.000003113210695,0.9999938597521126,1.0000040897576719,1.0000033587097885,1.0
1.0000013631192695,1.0000013989531105,1.000001368852684,1.0000013838168957,1.0000014042989467,1.0000013939787997,1.000001368852684,1.000001365928642,1.0000082546188627,1.0000078946803554,1.000007642671164,1.0000040829037562,1.0000011383705112,1.0000018259450876,1.0000022206767138,1.0000014089891827,1.0000018384336078,1.0000013140249564,1.000000946544718,0.9999906828723836,1.0000008415495296,1.0000015516445848,1.000004151918107,1.0000033402314743,1.0000037696757886,1.0000032452681507,1.0000028777886216,0.9999926141361183,1.0000027727936358,1.00000348288732,1.0
1.0000013631192695,1.0000013989531105,1.000001368852684,1.0000013838168957,1.0000014042989467,1.0000013939787997,1.000001368852684,1.000001365928642,1.0000088371847662,1.000008457573313,1.000008431973494,1.0000056571093427,1.000004400370272,1.0000018349740862,1.0000030566020173,1.000001417180972,1.0000024722868954,1.0000023784405125,1.0000022084719362,0.9999933155881952,1.0000027708545551,1.00000259166409,1.0000049950697456,1.000003355651216,1.0000044107558068,1.0000043169096051,1.0000041469413585,0.9999952540748628,1.0000047093228872,1.0000045301327698,1.0
1.0000013631192695,1.0000013989531105,1.000001368852684,1.0000013838168957,1.0000014042989467,1.0000013939787997,1.000001368852684,1.000001365928642,1.0000085374478176,1.000008132309917,1.00000814084057,1.000005308286316,1.000003599159927,1.0000018346794963,1.0000020675190182,1.0000013953951814,1.0000012102134197,1.0000016026632947,1.0000014149734775,0.9999878458447343,1.0000015685403578,1.000001611194022,1.0000039867660488,1.0000033146428309,1.0000031294621454,1.000003521911267,1.0000033342218102,0.9999897651191242,1.0000034877883959,1.0000035304419779,1.0
1.0000013631192695,1.0000013989531105,1.000001368852684,1.0000013838168957,1.0000014042989467,1.0000013939787997,1.000001368852684,1.000001365928642,1.0000094662139773,1.0000090525458292,1.0000089672392,1.0000059804469024,1.0000040363078302,1.0000018288124335,1.000002070760246,1.0000013981502265,1.0000010598929296,1.0000015461827934,1.0000013499637168,0.9999883415419689,1.000001622965976,1.0000015888430611,1.000003992438164,1.000003319828768,1.00000298157284,1.0000034678617693,1.0000032716430698,0.9999902632463336,1.0000035446448046,1.0000035105219547,1.0
1.0000013631192695,1.0000013989531105,1.000001368852684,1.0000013838168957,1.0000014042989467,1.0000013939787997,1.000001368852684,1.000001365928642,1.0000094778083684,1.0000090982628003,1.000008978833597,1.000005983499201,1.0000043826618885,1.0000018297862614,1.0000019912121736,1.000001374041063,1.000001449571206,1.0000013727916848,1.0000014922334726,0.9999844929336107,1.0000015178256818,1.0000014922334726,1.0000038916176124,1.000003274446995,1.0000033499777228,1.000003273198348,1.000003392639909,0.999986393372374,1.000003418232069,1.000003392639909,1.0
1.0000013631192712,1.0000013989531122,1.0000013688526856,1.0000013838168975,1.0000014042989482,1.0000013939788015,1.0000013688526856,1.0000013659160876,1.0000093537161001,1.0000092727726912,1.0000091192080198,1.0000057373367095,1.0000029274253917,1.0000018256748209,1.0000019847890724,1.0000013830836507,1.0000015114025775,1.0000014858103685,1.0000019379659701,0.9999857663466422,1.000001673495842,1.0000015284640367,1.0000038931732127,1.000003291468264,1.0000034197876706,1.0000033941955102,1.0000038463502492,0.9999876747618011,1.000003581880625,1.0000034368490966,1.0
1.0000013275459556,1.0000013633797955,1.00000133327937,1.0000013482435808,1.0000013687256313,1.0000013584054848,1.00000133327937,0.9999917822789753,1.000008690276432,1.000008703176709,1.000008703176709,1.0000051900634241,1.0000010108791146,1.000001823505462,1.0000020011710344,1.0000013825060987,1.0000016642877243,1.000001502192339,1.0000020140712251,0.9999856835703461,1.0000020140712251,1.0000020140653187,1.0000039090455355,1.0000032903811054,1.0000035721629177,1.0000034100678417,1.0000039219457508,0.9999875914760473,1.0000039219457508,1.0000039219398447,1.0
0.999999723582764,0.9999997594165463,0.9999997293161691,0.9999997442803561,0.9999997647623736,0.9999997544422438,0.9999997293161691,0.9999348417093965,1.0000099959081834,1.0000100088084771,1.0000100088084771,1.0000065337432498,1.0000023952861337,1.0000018182737669,1.000002030957235,1.00000136431765,1.0000020438574262,1.0000014551939103,1.0000020438515203,0.9999832061449735,1.0000020438574262,1.0000020438574262,1.0000039227831898,1.0000032561441816,1.0000039356834054,1.000003347021003,1.0000039356774995,0.9999850980066155,1.0000039356834054,1.0000039356834054,1.0
1.0000004678348757,1.0000005036686848,1.0000004735682853,1.0000004885324834,1.0000005090145159,1.0000004986943785,1.0000004735682853,0.9999525379404077,1.000010091960997,1.000010104861292,1.000010104861292,1.000004788737426,1.000001890666968,1.0000018102910722,1.0000016268306615,1.0000013833897974,1.0000016397308478,1.000001315483497,1.000001639691473,0.999986141161495,1.0000016397308478,1.0000063997365485,1.0000035451158613,1.0000033008493385,1.000003558016072,1.0000032337693432,1.000003557976697,0.9999880594764671,1.000003558016072,1.000003558016072,1.0
1.0000013462090942,1.0000013820429345,1.0000013519425086,1.0000013669067203,1.0000013873887705,1.0000013770686238,0.9999951820041568,0.9999972647488378,1.000011252703894,1.0000112656042042,1.0000112656042042,1.0000059495101394,1.00000075638942,1.0000017917437327,1.0000013106244947,1.0000011871318364,1.0000013024518517,1.0000012709131303,1.0000013234524894,0.9999813332643939,1.0000013235246763,1.0000298433124655,1.0000033921595712,1.0000032390052265,1.0000033839869995,1.0000033524483438,1.0000034049875925,0.9999834148411378,1.0000034050597801,1.0000034050597801,1.0
1.0000012822209505,1.0000013180547886,1.0000012879543645,1.000001302918575,1.0000013234006242,1.0000013130804783,0.9999942874396448,0.9999881306973739,1.000009127388904,1.0000091402891864,1.0000091402891864,1.0000038241838212,0.9999972660875885,1.0000017931122716,1.0000006742957221,1.0000006462523399,0.9999992538243939,1.0000006870777705,0.9999998995804631,0.9999816491684491,1.0000006871958955,1.000059521336421,1.0000034068031871,1.0000032523936773,1.000001986335811,1.0000034195852718,1.0000026320901159,0.9999843817280029,1.0000034197033962,1.0000034197033962,1.0
1.0004497700169372,1.0004498058668465,1.0004497757529223,1.0004497907238443,1.0004498112150797,1.0004498008903056,1.0004415102555047,1.0004056758967452,0.999183039823999,0.999183052713625,0.999183052713625,0.9991789737396953,0.999169799295231,0.9992651503429747,1.0000001683597157,1.000000216206703,0.9999996640682692,1.000000115517343,1.000000181189664,0.9999832774351213,1.0000001812598824,1.0000751206841347,1.0000034403970421,1.0000032831080627,1.0000029361073308,1.000003387554927,1.000003453227033,0.9999865495278283,1.0000034532972517,1.0000034532972517,1.0
1.00000659776992,1.0000066336039486,1.0000066035033643,1.0000066184676544,1.0000066389498128,1.000006628629612,0.9999978949910454,0.9999249739515845,0.9999960944653319,0.9999961073654464,0.9999961073654464,0.9999907911907826,0.9999844208128343,0.9999892338111032,0.9999998707707545,0.9999999632560675,0.9999998835901989,0.9999994570012625,0.999999883624324,0.9999799950917819,0.9999998836709174,1.000081901553067,1.00000339380559,1.000003240510158,1.00000340662508,1.0000029800376466,1.0000034066592054,0.9999835181967718,1.000003406705799,1.000003406705799,1.0
1.0003298376464018,1.0003295934724281,1.000329843367704,1.000329771858557,1.0003278392210964,1.0003298684572182,1.000322945382812,1.0002766020562575,0.9994080620024068,0.9994080748712968,0.9994080748870561,0.9994051329770764,0.9993968439366077,0.9994649569146024,0.999999843702818,0.9999999402204295,0.9999998565006063,0.9999993117798961,0.9999995021658513,0.9999793368678199,0.9999991083853462,1.0000823906349257,1.0000033826695884,1.0000032302986694,1.000003395467422,1.0000028507486398,1.0000030411339211,0.9999828759072976,1.0000026473548096,1.0000033955323906,1.0
1.0007530273414367,1.0007514848564047,1.0007524821757556,1.0007518319079112,1.0007503970222413,1.0007529120672431,1.0007460417892773,1.0007504151760303,0.9992777343957645,0.9992759739932147,0.9992777104147987,0.9992720594448165,0.9992657265077595,0.9993478148713486,1.0000000041554271,1.0000000765410084,0.9999991507042565,1.0000000169663417,0.999998247687926,0.9999774717615268,1.0000000169479668,1.0000778932178893,0.9991511523056944,0.999223069039394,0.9991502981075308,0.9991511651055832,0.9991493943239574,0.999128600731195,0.9991511650871924,0.9991510389956118,1.0
1.000669750536988,1.000669742652164,1.0006695988691285,1.0006697712251889,1.0006697917441891,1.0006697813938155,1.0006610176749053,1.0006697533482387,1.0000270802292843,1.0000270930989557,1.0000267781233427,1.000021777119889,1.0000147504462977,1.0000140216763957,1.0002565736352986,1.0002180111480337,1.000256586533525,1.0002565865217155,1.0002565865374615,1.0002357516141895,1.0002565602954934,1.0003241239689333,1.000274814328111,1.0002512932357466,1.0002748272265725,1.0002748272147637,1.0002748272305086,1.0002539926874696,1.0002748009890199,1.000274827211483,1.0
1.0004831837074615,1.0004832195585682,1.0004831894436383,1.0004832044150607,1.0004832249069804,1.000483214581861,1.0004735039207993,1.0004831864961485,1.000012121607674,1.0000121345079953,1.0000121345079953,1.0000068184185509,0.9999992512759703,1.0000017704730624,1.0002079090401326,1.000176698288393,1.0002078746843872,1.0002079219429794,1.0002079219429794,1.0001874905849506,1.0002079219429794,1.000259515403642,1.0001548907729243,1.0001417200449858,1.0001548564139902,1.0001549036750874,1.0001549036750874,1.0001344712331603,1.0001549036750874,1.0001549036750874,1.0
1.000044797545546,1.0000448333809437,1.000044803279209,1.0000448182440715,1.0000448387270118,1.000044828359729,1.000035262278326,1.0000320835929157,0.9999852318211863,0.999985244721161,0.999985244721161,0.9999812477927615,0.9999736617612832,0.9999783376767927,1.0000758838813433,1.0000645618244157,1.0000756605493664,1.0000758967824876,1.0000758967824876,1.000057506996272,1.0000758810317085,1.0001057168719873,1.000003418196991,1.0000032628108706,1.0000031948469599,1.0000034310972004,1.0000034310972004,0.9999850399774437,1.0000034153452801,1.000003410077576,1.0
1.0000008073213862,1.0000008431552072,1.0000008130547975,1.0000008280190007,1.0000008485010403,1.0000008381808994,1.0000008130547975,0.9999630501655667,1.0000101449269727,1.0000101578272684,1.0000101578272684,1.0000051042362108,0.9999976021661243,1.0000017844258382,1.0000014944253888,1.0000013433626076,1.0000012710748782,1.000001487630876,1.0000015073255726,0.999981593236897,1.0000013734438733,1.0000092761710673,1.0000033934169958,1.000003240154872,1.0000031700669585,1.0000033866225455,1.0000034063172047,0.9999834922663742,1.0000032724357593,1.000003324929231,1.0
1.0000011269465716,1.0000011627804042,1.0000011326799847,1.0000011476441928,1.000001168126239,1.0000011578060946,1.0000011326799847,0.9999765211792568,1.0000117055312387,1.000011574007978,1.0000113738542056,1.0000089226627855,0.9999978549438718,1.0000017711907796,1.000001524165585,1.0000013396054286,1.000000737724801,1.0000012167473962,1.0000014772709178,0.9999797537564669,1.0000014556172685,1.000001363795126,1.0000033941877255,1.0000032096272213,1.0000026077484607,1.0000030867701597,1.0000033472931944,0.999981623819401,1.0000033256395857,1.0000032338176144,1.0
1.0000013586885292,1.00000139452237,1.0000013644219437,1.0000013793861553,1.000001399868206,1.0000013895480595,1.0000013644219437,0.9999979922161722,1.0000121359740863,1.0000115765556534,1.0000113612922845,1.0000069252520278,0.9999975316338849,1.0000017564122945,1.0000018629377299,1.000001307343526,1.0000007377634414,1.0000003485714362,1.0000006760805755,0.9999768609046135,1.0000016316052855,1.0000010291802266,1.000003704493042,1.000003148899156,1.000002579320873,1.0000021901295846,1.0000025176381209,0.99997870250606,1.0000034731610716,1.0000028707371216,1.0
1.0000013631192695,1.0000013989531105,1.000001368852684,1.0000013838168957,1.0000014042989467,1.0000013939787997,1.000001368852684,1.000001365928642,1.0000113291905397,1.0000098109273965,1.0000105321571147,1.0000058434053747,0.9999983478925419,1.0000017727459882,1.0000026104954511,1.0000013430625692,1.0000012621701029,1.0000019794737818,1.0000005251562094,0.9999815559048316,1.0000018620219349,1.000000136004983,1.0000044835659585,1.0000032161347585,1.000003135243184,1.0000038525455188,1.0000023982306716,0.9999834290148554,1.0000037350938926,1.0000020090801738,1.0
1.0000013631192695,1.0000013989531105,1.000001368852684,1.0000013838168957,1.0000014042989467,1.0000013939787997,1.000001368852684,1.000001365928642,1.000012481729586,1.0000103806817977,1.0000116394058247,1.0000064249407723,1.0000011004265619,1.0000017748296868,1.000002469790345,1.0000013824492513,1.0000011417681862,0.9999996986604296,1.000000804479458,0.9999867935273133,1.0000015454267168,0.9999997839676912,1.0000043776138476,1.0000032902741494,1.0000030495942724,1.0000016064892696,1.0000027123061874,0.9999887013807907,1.0000034532520328,1.0000016917963683,1.0
1.0000013631192695,1.0000013989531105,1.000001368852684,1.0000013838168957,1.0000014042989467,1.0000013939787997,1.000001368852684,1.000001365928642,1.000008162824541,1.0000074523778832,1.0000056771795989,1.0000021427464705,0.999998354492114,1.0000018055826088,1.0000045114146068,1.0000013913201802,1.0000026899225773,1.0000021858861419,1.0000029163279565,0.9999904458043894,1.0000021616166477,1.0000037609547334,1.0000064270614026,1.00000330697228,1.0000046055729126,1.0000041015374428,1.0000048319778578,0.9999923614781938,1.0000040772679946,1.0000056766030165,1.0
1.0000013631192695,1.0000013989531105,1.000001368852684,1.0000013838168957,1.0000014042989467,1.0000013939787997,1.000001368852684,1.000001365928642,1.0000112560059382,1.0000104852373781,1.0000092311184163,1.0000084769119808,1.0000044444076275,1.0000018150487786,1.0000020911553296,1.0000014092892107,1.0000015821923216,1.000001184560547,1.0000010198031488,0.9999906688772741,1.000000114123334,1.0000017056170971,1.000004022661706,1.0000033407962345,1.000003513699731,1.0000031160687244,1.0000029513116444,0.999992600405772,1.0000020456335783,1.000003637124268,1.0
1.0000013631192695,1.0000013989531105,1.000001368852684,1.0000013838168957,1.0000014042989467,1.0000013939787997,1.000001368852684,1.000001365928642,1.000007827283026,1.0000074818232827,1.0000068846119827,1.0000043558510188,1.000003935199612,1.000001839296958,1.0000017936921992,1.000001416381888,1.000001359675976,1.0000013458787662,1.0000013045382823,0.9999917152577603,1.0000013799609588,1.0000012198266444,1.0000037314573247,1.0000033541470807,1.000003297441993,1.0000032836448098,1.0000032423044063,0.9999936530424732,1.0000033177269367,1.0000031575929325,1.0
1.0000013631192695,1.0000013989531105,1.000001368852684,1.0000013838168957,1.0000014042989467,1.0000013939787997,1.000001368852684,1.000001365928642,1.0000093457610701,1.0000088467862296,1.000008897970246,1.0000061599182035,1.0000052942096267,1.0000018337550995,1.0000019624205891,1.0000014148281506,1.0000012416206978,1.0000014634418737,1.0000014634418737,0.9999915388942693,1.0000014719726134,1.0000015060955423,1.0000038988144353,1.0000033512223938,1.0000031780159895,1.0000033998367357,1.0000033998367357,0.9999934753083571,1.0000034083674585,1.0000034424903221,1.0
1.0000013631192695,1.0000013989531105,1.000001368852684,1.0000013838168957,1.0000014042989467,1.0000013939787997,1.000001368852684,1.000001365928642,1.0000091251790109,1.000008626204054,1.0000087029800588,1.0000056577833754,1.0000028275426571,1.000001827329809,1.0000019813245282,1.0000014091432112,1.0000014994072979,1.0000014823458225,1.0000014823458225,0.9999903025497048,1.0000014823458225,1.0000014823458225,1.000003912702251,1.0000033405213735,1.0000034307860017,1.0000034137245593,1.0000034137245593,0.9999922339500437,1.0000034137245593,1.0000034137245593,1.0
1.0000013631192695,1.0000013989531105,1.000001368852684,1.0000013838168957,1.0000014042989467,1.0000013939787997,1.000001368852684,1.000001365928642,1.000009221111108,1.0000087221362015,1.0000087221362015,1.0000058948216708,1.0000034853371125,1.0000018291678368,1.0000020737649913,1.000001400704261,1.0000016515628807,1.0000011993983409,1.000001574786334,0.9999887811828232,1.000001574786334,1.000001574786334,1.000003997696486,1.0000033246363795,1.000003575495237,1.000003123331568,1.0000034987188389,0.9999907051399545,1.0000034987188389,1.0000034987188389,1.0
1.0000013631192695,1.0000013989531105,1.000001368852684,1.0000013838168957,1.0000014042989467,1.0000013939787997,1.000001368852684,1.0000013659255795,1.000008830900308,1.000008621986497,1.000008331925197,1.0000072654754788,1.0000020311172328,1.0000018294707202,1.0000017245703705,1.0000013939515948,1.0000015583094195,1.0000008928642465,1.00000122559153,0.9999872369812871,1.0000012597144783,1.00000122559153,1.0000036425443304,1.0000033119255158,1.0000034762837477,1.000002810839851,1.0000031435664962,0.9999891549830981,1.0000031776893796,1.0000031435664962,1.0
1.0000008125799364,1.0000008484137577,1.000000818313348,1.0000008332775514,1.000000853759591,1.0000008434394498,1.000000818313348,0.9999632345965971,1.0000088962229212,1.0000089091232005,1.0000085593401429,1.0000051649806623,1.0000023438977474,1.000001826855572,1.0000015685436336,1.0000014063631204,1.0000015814438186,1.0000013254989284,1.0000007112408753,0.9999893113342936,1.0000011634027293,1.0000013084303798,1.0000034974691714,1.0000033352883027,1.0000035103693816,1.0000032544249848,1.000002640168117,0.9999912402835357,1.0000030923290988,1.0000032373564691,1.0
1.0000011248386251,1.0000011606724577,1.0000011305720384,1.0000011455362465,1.0000011660182926,1.0000011556981483,1.0000011305720384,0.999976409445973,1.0000097460404305,1.0000097589407213,1.0000097589407213,1.0000063987457306,1.000003120203403,1.000001823733841,1.0000015528933213,1.0000013930603537,1.0000015657935057,1.0000015657935057,1.0000008406245935,0.999986891306079,1.000001070975873,1.0000015657935057,1.0000034700812237,1.00000331024789,1.000003482981434,1.000003482981434,1.0000027578139117,0.9999888085221558,1.0000029881647496,1.000003482981434,1.0
1.000000979805621,1.0000010156394483,1.0000009855390333,1.0000010005032394,1.0000010209852823,1.0000010106651396,1.0000009855390333,0.9999696280405003,1.0000103824116071,1.0000103953119055,1.0000103953119055,1.000007934264924,1.0000033200303022,1.0000018204843746,1.000001535833538,1.000001378559537,1.0000015487251912,1.0000015487291287,1.000001471941979,0.9999854624992555,1.0000014548814193,1.000006802802734,1.000003451960228,1.0000032936801202,1.0000034648519063,1.000003464855844,1.0000033880688417,0.9999873786568124,1.0000033710083147,1.000003464860438,1.0
1.0000013095221119,1.0000013453559509,1.000001315255526,1.000001330219737,1.0000013507017869,1.0000013403816406,0.9999961238156728,0.9999904268896467,1.0000096659301403,1.0000096788304298,1.0000096788304298,1.0000062005034127,1.0000002731156172,1.0000018108622268,1.0000012998546404,1.0000011779774594,1.0000007246710125,1.0000013126668845,1.0000002889130217,0.9999789219951637,1.0000013127548217,1.0000287862672863,1.000003348375791,1.0000031989743363,1.0000027731933947,1.0000033611880619,1.000002337436297,0.9999809705622462,1.0000033612759995,1.0000033612759995,1.0
1.0000010051184938,1.0000010409523221,1.0000010108519062,1.0000010258161125,1.0000010462981561,1.0000010359780132,0.9999933101674383,0.9999714007212444,1.0000112507660452,1.0000112636663554,1.0000112636663554,1.0000060788459408,1.0000004130381361,1.0000017900211862,1.0000006743563512,1.0000006463038746,1.0000002829105445,1.0000006818890592,1.0000006713903742,0.9999796790151154,1.0000006872565244,1.0000588692051173,1.0000033743717505,1.0000032227420736,1.000002982927071,1.000003381904508,1.0000033714058512,0.9999823790873105,1.0000033872719591,1.0000033872719591,1.0
0.9999994787375233,0.9999995145712969,0.9999994844709269,0.9999994994351102,0.9999995199171228,0.9999995095969955,0.9999900336528074,0.999930367109025,1.0000092491291122,1.000009262029396,1.000009262029396,1.0000044710165032,0.9999968691827864,1.0000017904634495,1.0000001833750254,1.0000002289697172,1.0000001961938179,1.0000000649284233,1.000000196178724,0.9999794999742255,1.0000001962751923,1.000073767297852,1.0000033799575596,1.0000032278490998,1.0000033927763934,1.000003261511419,1.0000033927612995,0.999982696623,1.0000033928577683,1.0000033928577683,1.0
1.0002115505239262,1.0002115863652994,1.000211556258546,1.0002115712259034,1.000211591712259,1.0002115813899433,1.0002022675895887,1.0001551385631076,0.9996266077032196,0.9996266205985679,0.9996266205985679,0.9996232722536363,0.9996120607643156,0.9996596418144326,1.0000003811166644,1.0000003970501228,0.9999993019417605,0.9999996064156086,1.0000002574909417,0.9999819371460154,1.0000003940168338,1.0000688559703688,1.0000034164141622,1.0000032611808556,1.0000023372426123,1.0000026417155363,1.0000032927888935,0.9999849724996062,1.0000034293143714,1.0000034293143714,1.0
1.0004030849418861,1.0004031207573232,1.0004030276823586,1.000402999253924,1.0004004536994857,1.0004031157793172,1.0003950313314907,1.0003763791837064,0.9992733084818605,0.9992733213142019,0.9992733213096051,0.9992680013520132,0.9992619089019883,0.9993443241417344,1.0000004102668538,1.0000004217870655,1.0000002655649034,0.9999997142943704,1.0000002498528744,0.9999790246605136,1.0000002262093453,1.000067147806614,1.0000033671877122,1.0000032161300094,1.0000032224862658,1.0000026712173629,1.000003206774284,0.9999819816447257,1.000003183130824,1.0000031543016306,1.0
1.0005435875366362,1.000543623222655,1.0005435617211669,1.000543285775785,1.0005433942126634,1.0005429040935816,1.0005355901750976,1.0005395204618086,0.9990053567773566,0.9990033252426376,0.99900536956287,0.9990000482169034,0.9989918701592159,0.9991077492048621,1.0000011057897729,1.000000807694182,1.0000010083702822,1.0000009610800655,1.0000009716024265,0.999977167827572,0.9999985827836594,1.0000507924352016,1.0000035562921405,1.0000031682126713,1.0000034588729518,1.0000034115828513,1.0000034221051861,0.9999796183887101,1.000001033292274,1.0000022277221456,1.0
1.0005334940629598,1.0005335298874471,1.0005334997863071,1.0005335147475065,1.0005335352340812,1.0005334518916895,1.0005254966206039,1.0005334968738278,1.0000113375669724,1.000011297948139,1.0000113504646582,1.0000060343736694,0.9999993345333593,1.0000017813284903,0.9999876937113279,0.9999896123541143,0.9999877065995214,0.9999877065942717,0.9999877065778648,0.9999642217684301,0.9999875884629612,1.00003864723299,0.998743568822233,0.9988492902414168,0.9987435816943617,0.9987435816891053,0.9987435816726786,0.9987200675839075,0.9987434634106437,0.9987435816950191,1.0
1.0007729294103542,1.0007729652718438,1.000772935148192,1.0007729501239504,1.0007729706218045,1.0007729602936946,1.0007649338846687,1.0007711311455028,0.9999397686764151,0.9999397815758032,0.9999397815758032,0.999934465101624,0.9999277720347642,0.9999377151173159,0.9997997903852319,0.9998298039685902,0.999799803282814,0.999799803282814,0.9997998032618098,0.9997799271508948,0.999799803282814,0.9998396408289028,1.000361640669245,1.0003306001682517,1.0003616535740756,1.0003616535740756,1.0003616535530828,1.0003417886138128,1.0003616535740756,1.0003616535740756,1.0
1.0000677338119703,1.00006776964819,1.0000677395457656,1.0000677328791459,1.000067774994381,1.0000677646735492,1.000059505079118,1.0000380719505388,1.0000125080615856,1.000012520961912,1.0000125209546933,1.0000072048745219,0.9999998524744954,1.0000017697165249,1.0000175154531892,1.0000149606503141,1.0000175283535804,1.0000175283535804,1.0000173970825867,0.9999961329790062,1.0000175283522679,1.0000414709783088,1.0000638596158666,1.0000585184700943,1.0000638725168554,1.0000638725168554,1.000063741251945,1.0000424781345618,1.0000638725155429,1.0000638725168554,1.0
0.9999999170365428,0.9999999528703322,0.999999922769949,0.9999999377341391,0.9999999582161604,0.9999999478960285,0.999999922769949,0.9999389875044701,1.0000125866879832,1.0000125995883102,1.000012526083227,1.0000072835013383,0.999999667772337,1.000001767245502,1.0000014817555825,1.0000013325932715,1.0000014946557663,1.0000014946557663,1.0000014683696985,0.9999803879085245,1.0000014001399882,1.000009476732538,1.0000033726757669,1.00000322119146,1.0000033855759756,1.0000033855759756,1.0000033592899569,0.9999822788686767,1.0000032910603756,1.0000033855759756,1.0
1.0000013006233015,1.0000013364571403,1.0000013063567157,1.0000013213209265,1.000001341802976,1.00000133148283,1.0000013063567157,0.9999886471986419,1.0000125721198458,1.0000125849867045,1.0000124367025616,1.0000071750270823,1.000000290737204,1.0000017717536747,1.0000019099150081,1.0000013757481339,1.0000007769717683,1.0000018138061508,1.0000017928507217,0.9999846446722335,1.000001765315032,1.0000018965435782,1.0000038118268417,1.0000032776603036,1.000002678885806,1.0000037157182162,1.0000036947628272,0.9999865466169746,1.0000036672271895,1.0000037984554861,1.0
1.0000013631192695,1.0000013989531105,1.000001368852684,1.0000013838168957,1.0000014042989467,1.0000013939787997,1.000001368852684,1.0000013659255795,1.0000184607710179,1.0000164641435771,1.000018402669011,1.0000114456948017,1.0000087024250408,1.000001733752135,1.0000035150652546,1.00000134046273,1.0000023033030612,1.0000025296811856,1.0000025041338085,0.9999820014852306,1.0000032168398998,1.000003380880263,1.0000053858400952,1.0000032112409467,1.0000041740802164,1.0000044004579172,1.0000043749105876,0.9999838723003985,1.0000050876153457,1.000005251655402,1.0
1.0000013631192695,1.0000013989531105,1.000001368852684,1.0000013838168957,1.0000014042989467,1.0000013939787997,1.000001368852684,1.000001365928642,1.0000189596424545,1.0000182164172093,1.0000182059230156,1.000010851568665,1.0000105181668189,1.000001731837229,1.0000042358413936,1.0000013640328453,1.0000026551873504,1.0000027405457885,1.0000032340775056,0.9999858167659054,1.0000026736073335,1.0000030627932064,1.0000061274118692,1.0000032556080698,1.0000045467608645,1.000004632119141,1.0000051256499247,0.999987708371295,1.0000045651808132,1.0000049543659493,1.0
1.0000013631192695,1.0000013989531105,1.000001368852684,1.0000013838168957,1.0000014042989467,1.0000013939787997,1.000001368852684,1.000001365928642,1.000015595084648,1.000014430551385,1.0000138799290568,1.000008064677241,1.000007102363782,1.0000017638294603,1.0000024646990067,1.0000013758690904,1.000000553281654,1.0000011642695192,1.0000009956166722,0.999985761429264,1.0000016807436176,0.9999991783515042,1.000004366716503,1.0000032778879788,1.0000024553028355,1.000003066289538,1.0000028976370123,0.9999876634785996,1.0000035827626539,1.0000010803753012,1.0
1.0000013631192695,1.0000013989531105,1.000001368852684,1.0000013838168957,1.0000014042989467,1.0000013939787997,1.000001368852684,1.000001365928642,1.000011665189134,1.0000106535521183,1.0000087109381763,1.000007398916064,1.000004701903412,1.000001807571854,1.0000026839673148,1.0000013658979672,1.0000008453892453,1.0000006018979135,0.9999997506964518,0.9999845669189317,1.0000016920045822,1.0000022111042084,1.0000045771864248,1.0000032591188885,1.0000027386118853,1.0000024951210142,1.000001643921165,0.9999864601724133,1.000003585225619,1.0000041043242625,1.0
1.0000013631192695,1.0000013989531105,1.000001368852684,1.0000013838168957,1.0000014042989467,1.0000013939787997,1.000001368852684,1.000001365928642,1.000008083502772,1.0000079059995244,1.0000072759769407,1.0000044703256017,1.0000025557346979,1.000001833679879,1.0000020267957674,1.000001403616073,1.0000009705647512,0.9999999729865622,1.0000010918998679,0.999989481170046,1.0000012035190258,1.000002039576521,1.000003953296584,1.0000033301174203,1.0000028970676527,1.0000018994913857,1.000003018402536,0.9999914076950932,1.0000031300214787,1.000003966077363,1.0
